"","geoRegion","datum","entries","sumTotal","timeframe_14d","timeframe_all","offset_last7d","sumTotal_last7d","offset_last14d","sumTotal_last14d","offset_last28d","sumTotal_last28d","sum7d","sum14d","mean7d","mean14d","entries_diff_last_age","pop","inz_entries","inzsumTotal","inzmean7d","inzmean14d","inzsumTotal_last7d","inzsumTotal_last14d","inzsumTotal_last28d","inzsum7d","inzsum14d","sumdelta7d","inzdelta7d","type","type_variant","version","datum_unit","entries_letzter_stand","entries_neu_gemeldet","entries_diff_last"
"1","BE",2020-02-24,0,0,FALSE,TRUE,507985,0,507871,0,507046,0,NA,NA,NA,NA,7,1047473,0,0,NA,NA,NA,NA,NA,NA,NA,NA,NA,"COVID19Cases",NA,"2023-01-24_06-03-16","day",0,0,75
"2","BE",2020-02-25,0,0,FALSE,TRUE,507985,0,507871,0,507046,0,NA,NA,NA,NA,7,1047473,0,0,NA,NA,NA,NA,NA,NA,NA,NA,NA,"COVID19Cases",NA,"2023-01-24_06-03-16","day",0,0,75
"3","BE",2020-02-26,0,0,FALSE,TRUE,507985,0,507871,0,507046,0,NA,NA,NA,NA,7,1047473,0,0,NA,NA,NA,NA,NA,NA,NA,NA,NA,"COVID19Cases",NA,"2023-01-24_06-03-16","day",0,0,75
"4","BE",2020-02-27,1,1,FALSE,TRUE,507985,0,507871,0,507046,0,NA,NA,0.29,NA,7,1047473,0.1,0.1,0.03,NA,NA,NA,NA,NA,NA,NA,NA,"COVID19Cases",NA,"2023-01-24_06-03-16","day",1,0,75
"5","BE",2020-02-28,0,1,FALSE,TRUE,507985,0,507871,0,507046,0,NA,NA,0.86,NA,7,1047473,0,0.1,0.08,NA,NA,NA,NA,NA,NA,NA,NA,"COVID19Cases",NA,"2023-01-24_06-03-16","day",0,0,75
"6","BE",2020-02-29,1,2,FALSE,TRUE,507985,0,507871,0,507046,0,NA,NA,1.29,NA,7,1047473,0.1,0.19,0.12,NA,NA,NA,NA,NA,NA,NA,NA,"COVID19Cases",NA,"2023-01-24_06-03-16","day",1,0,75
"7","BE",2020-03-01,0,2,FALSE,TRUE,507985,0,507871,0,507046,0,2,NA,2.43,2.43,7,1047473,0,0.19,0.23,0.23,NA,NA,NA,0.19,NA,NA,NA,"COVID19Cases",NA,"2023-01-24_06-03-16","day",0,0,75
"8","BE",2020-03-02,4,6,FALSE,TRUE,507985,0,507871,0,507046,0,6,NA,3,2.71,7,1047473,0.38,0.57,0.29,0.26,NA,NA,NA,0.57,NA,4,0.38,"COVID19Cases",NA,"2023-01-24_06-03-16","day",4,0,75
"9","BE",2020-03-03,3,9,FALSE,TRUE,507985,0,507871,0,507046,0,9,NA,4.29,3.21,7,1047473,0.29,0.86,0.41,0.31,NA,NA,NA,0.86,NA,3,0.29,"COVID19Cases",NA,"2023-01-24_06-03-16","day",3,0,75
"10","BE",2020-03-04,8,17,FALSE,TRUE,507985,0,507871,0,507046,0,17,NA,4.14,4.36,7,1047473,0.76,1.62,0.4,0.42,NA,NA,NA,1.62,NA,8,0.76,"COVID19Cases",NA,"2023-01-24_06-03-16","day",8,0,75
"11","BE",2020-03-05,5,22,FALSE,TRUE,507985,0,507871,0,507046,0,21,NA,4.57,6,7,1047473,0.48,2.1,0.44,0.57,NA,NA,NA,2,NA,4,0.38,"COVID19Cases",NA,"2023-01-24_06-03-16","day",5,0,75
"12","BE",2020-03-06,9,31,FALSE,TRUE,507985,0,507871,0,507046,0,30,NA,4.57,6.71,7,1047473,0.86,2.96,0.44,0.64,NA,NA,NA,2.86,NA,9,0.86,"COVID19Cases",NA,"2023-01-24_06-03-16","day",9,0,75
"13","BE",2020-03-07,0,31,FALSE,TRUE,507985,0,507871,0,507046,0,29,NA,5.14,8.07,7,1047473,0,2.96,0.49,0.77,NA,NA,NA,2.77,NA,-1,-0.0899999999999999,"COVID19Cases",NA,"2023-01-24_06-03-16","day",0,0,75
"14","BE",2020-03-08,3,34,FALSE,TRUE,507985,0,507871,0,507046,0,32,34,6.29,9.5,7,1047473,0.29,3.25,0.6,0.91,NA,NA,NA,3.05,3.25,3,0.28,"COVID19Cases",NA,"2023-01-24_06-03-16","day",3,0,75
"15","BE",2020-03-09,4,38,FALSE,TRUE,507985,0,507871,0,507046,0,32,38,9,14.07,7,1047473,0.38,3.63,0.86,1.34,NA,NA,NA,3.05,3.63,0,0,"COVID19Cases",NA,"2023-01-24_06-03-16","day",4,0,75
"16","BE",2020-03-10,7,45,FALSE,TRUE,507985,0,507871,0,507046,0,36,45,9.14,17.71,7,1047473,0.67,4.3,0.87,1.69,NA,NA,NA,3.44,4.3,4,0.39,"COVID19Cases",NA,"2023-01-24_06-03-16","day",7,0,75
"17","BE",2020-03-11,16,61,FALSE,TRUE,507985,0,507871,0,507046,0,44,61,12,21.57,7,1047473,1.53,5.82,1.15,2.06,NA,NA,NA,4.2,5.82,8,0.76,"COVID19Cases",NA,"2023-01-24_06-03-16","day",16,0,75
"18","BE",2020-03-12,24,85,FALSE,TRUE,507985,0,507871,0,507046,0,63,84,14.43,24.93,7,1047473,2.29,8.11,1.38,2.38,NA,NA,NA,6.01,8.02,19,1.81,"COVID19Cases",NA,"2023-01-24_06-03-16","day",24,0,75
"19","BE",2020-03-13,10,95,FALSE,TRUE,507985,0,507871,0,507046,0,64,94,23.57,28.64,7,1047473,0.95,9.07,2.25,2.73,NA,NA,NA,6.11,8.97,1,0.100000000000001,"COVID19Cases",NA,"2023-01-24_06-03-16","day",10,0,75
"20","BE",2020-03-14,20,115,FALSE,TRUE,507985,0,507871,0,507046,0,84,113,30.29,31.64,7,1047473,1.91,10.98,2.89,3.02,NA,NA,NA,8.02,10.79,20,1.91,"COVID19Cases",NA,"2023-01-24_06-03-16","day",20,0,75
"21","BE",2020-03-15,20,135,FALSE,TRUE,507985,0,507871,0,507046,0,101,133,36.86,33.93,7,1047473,1.91,12.89,3.52,3.24,NA,NA,NA,9.64,12.7,17,1.62,"COVID19Cases",NA,"2023-01-24_06-03-16","day",20,0,75
"22","BE",2020-03-16,68,203,FALSE,TRUE,507985,0,507871,0,507046,0,165,197,40.86,38.57,7,1047473,6.49,19.38,3.9,3.68,NA,NA,NA,15.75,18.81,64,6.11,"COVID19Cases",NA,"2023-01-24_06-03-16","day",68,0,75
"23","BE",2020-03-17,54,257,FALSE,TRUE,507985,0,507871,0,507046,0,212,248,48.14,41.93,7,1047473,5.16,24.54,4.6,4,NA,NA,NA,20.24,23.68,47,4.49,"COVID19Cases",NA,"2023-01-24_06-03-16","day",54,0,75
"24","BE",2020-03-18,62,319,FALSE,TRUE,507985,0,507871,0,507046,0,258,302,51.29,44.93,7,1047473,5.92,30.45,4.9,4.29,NA,NA,NA,24.63,28.83,46,4.39,"COVID19Cases",NA,"2023-01-24_06-03-16","day",62,0,75
"25","BE",2020-03-19,52,371,FALSE,TRUE,507985,0,507871,0,507046,0,286,349,53.43,47.07,7,1047473,4.96,35.42,5.1,4.49,NA,NA,NA,27.3,33.32,28,2.67,"COVID19Cases",NA,"2023-01-24_06-03-16","day",52,0,75
"26","BE",2020-03-20,61,432,FALSE,TRUE,507985,0,507871,0,507046,0,337,401,53.57,52.07,7,1047473,5.82,41.24,5.11,4.97,NA,NA,NA,32.17,38.28,51,4.87,"COVID19Cases",NA,"2023-01-24_06-03-16","day",61,0,75
"27","BE",2020-03-21,42,474,FALSE,TRUE,507985,0,507871,0,507046,0,359,443,53.57,52.36,7,1047473,4.01,45.25,5.11,5,NA,NA,NA,34.27,42.29,22,2.1,"COVID19Cases",NA,"2023-01-24_06-03-16","day",42,0,75
"28","BE",2020-03-22,35,509,FALSE,TRUE,507985,0,507871,0,507046,0,374,475,53,52.36,7,1047473,3.34,48.59,5.06,5,NA,NA,NA,35.7,45.35,15,1.43,"COVID19Cases",NA,"2023-01-24_06-03-16","day",35,0,75
"29","BE",2020-03-23,69,578,FALSE,TRUE,507985,0,507871,0,507046,0,375,540,53.29,52.79,7,1047473,6.59,55.18,5.09,5.04,NA,NA,NA,35.8,51.55,1,0.0999999999999943,"COVID19Cases",NA,"2023-01-24_06-03-16","day",69,0,75
"30","BE",2020-03-24,54,632,FALSE,TRUE,507985,0,507871,0,507046,0,375,587,56,54.14,7,1047473,5.16,60.34,5.35,5.17,NA,NA,NA,35.8,56.04,0,0,"COVID19Cases",NA,"2023-01-24_06-03-16","day",54,0,75
"31","BE",2020-03-25,58,690,FALSE,TRUE,507985,0,507871,0,507046,0,371,629,53.43,53.79,7,1047473,5.54,65.87,5.1,5.14,NA,NA,NA,35.42,60.05,-4,-0.379999999999995,"COVID19Cases",NA,"2023-01-24_06-03-16","day",58,0,75
"32","BE",2020-03-26,54,744,FALSE,TRUE,507985,0,507871,0,507046,0,373,659,51.29,53.14,7,1047473,5.16,71.03,4.9,5.07,NA,NA,NA,35.61,62.91,2,0.189999999999998,"COVID19Cases",NA,"2023-01-24_06-03-16","day",54,0,75
"33","BE",2020-03-27,80,824,FALSE,TRUE,507985,0,507871,0,507046,0,392,729,52,53.29,7,1047473,7.64,78.67,4.96,5.09,NA,NA,NA,37.42,69.6,19,1.81,"COVID19Cases",NA,"2023-01-24_06-03-16","day",80,0,75
"34","BE",2020-03-28,24,848,FALSE,TRUE,507985,0,507871,0,507046,0,374,733,54.71,53.14,7,1047473,2.29,80.96,5.22,5.07,NA,NA,NA,35.7,69.98,-18,-1.72,"COVID19Cases",NA,"2023-01-24_06-03-16","day",24,0,75
"35","BE",2020-03-29,20,868,FALSE,TRUE,507985,0,507871,0,507046,0,359,733,54.57,51.64,7,1047473,1.91,82.87,5.21,4.93,NA,NA,NA,34.27,69.98,-15,-1.43,"COVID19Cases",NA,"2023-01-24_06-03-16","day",20,0,75
"36","BE",2020-03-30,74,942,FALSE,TRUE,507985,0,507871,0,507046,0,364,739,53,51.79,7,1047473,7.06,89.93,5.06,4.94,NA,NA,NA,34.75,70.55,5,0.479999999999997,"COVID19Cases",NA,"2023-01-24_06-03-16","day",74,0,75
"37","BE",2020-03-31,73,1015,FALSE,TRUE,507985,0,507871,0,507046,0,383,758,50.57,51.64,7,1047473,6.97,96.9,4.83,4.93,NA,NA,NA,36.56,72.36,19,1.81,"COVID19Cases",NA,"2023-01-24_06-03-16","day",73,0,75
"38","BE",2020-04-01,57,1072,FALSE,TRUE,507985,0,507871,0,507046,0,382,753,52.86,51.71,7,1047473,5.44,102.34,5.05,4.94,NA,NA,NA,36.47,71.89,-1,-0.0900000000000034,"COVID19Cases",NA,"2023-01-24_06-03-16","day",57,0,75
"39","BE",2020-04-02,43,1115,FALSE,TRUE,507985,0,507871,0,507046,0,371,744,52,49.29,7,1047473,4.11,106.45,4.96,4.71,NA,NA,NA,35.42,71.03,-11,-1.05,"COVID19Cases",NA,"2023-01-24_06-03-16","day",43,0,75
"40","BE",2020-04-03,63,1178,FALSE,TRUE,507985,0,507871,0,507046,0,354,746,51.57,44.79,7,1047473,6.01,112.46,4.92,4.28,NA,NA,NA,33.8,71.22,-17,-1.62,"COVID19Cases",NA,"2023-01-24_06-03-16","day",63,0,75
"41","BE",2020-04-04,40,1218,FALSE,TRUE,507985,0,507871,0,507046,0,370,744,48.57,44.5,7,1047473,3.82,116.28,4.64,4.25,NA,NA,NA,35.32,71.03,16,1.52,"COVID19Cases",NA,"2023-01-24_06-03-16","day",40,0,75
"42","BE",2020-04-05,14,1232,FALSE,TRUE,507985,0,507871,0,507046,0,364,723,48.86,43.86,7,1047473,1.34,117.62,4.66,4.19,NA,NA,NA,34.75,69.02,-6,-0.57,"COVID19Cases",NA,"2023-01-24_06-03-16","day",14,0,75
"43","BE",2020-04-06,71,1303,FALSE,TRUE,507985,0,507871,0,507046,0,361,725,45.57,39.79,7,1047473,6.78,124.39,4.35,3.8,NA,NA,NA,34.46,69.21,-3,-0.289999999999999,"COVID19Cases",NA,"2023-01-24_06-03-16","day",71,0,75
"44","BE",2020-04-07,52,1355,FALSE,TRUE,507985,0,507871,0,507046,0,340,723,39,37.14,7,1047473,4.96,129.36,3.72,3.55,NA,NA,NA,32.46,69.02,-21,-2,"COVID19Cases",NA,"2023-01-24_06-03-16","day",52,0,75
"45","BE",2020-04-08,59,1414,FALSE,TRUE,507985,0,507871,0,507046,0,342,724,36.14,35.21,7,1047473,5.63,134.99,3.45,3.36,NA,NA,NA,32.65,69.12,2,0.189999999999998,"COVID19Cases",NA,"2023-01-24_06-03-16","day",59,0,75
"46","BE",2020-04-09,20,1434,FALSE,TRUE,507985,0,507871,0,507046,0,319,690,35.71,33.71,7,1047473,1.91,136.9,3.41,3.22,NA,NA,NA,30.45,65.87,-23,-2.2,"COVID19Cases",NA,"2023-01-24_06-03-16","day",20,0,75
"47","BE",2020-04-10,17,1451,FALSE,TRUE,507985,0,507871,0,507046,0,273,627,28,30.5,7,1047473,1.62,138.52,2.67,2.91,NA,NA,NA,26.06,59.86,-46,-4.39,"COVID19Cases",NA,"2023-01-24_06-03-16","day",17,0,75
"48","BE",2020-04-11,20,1471,FALSE,TRUE,507985,0,507871,0,507046,0,253,623,25.71,28.21,7,1047473,1.91,140.43,2.45,2.69,NA,NA,NA,24.15,59.48,-20,-1.91,"COVID19Cases",NA,"2023-01-24_06-03-16","day",20,0,75
"49","BE",2020-04-12,11,1482,FALSE,TRUE,507985,0,507871,0,507046,0,250,614,21.57,27.93,7,1047473,1.05,141.48,2.06,2.67,NA,NA,NA,23.87,58.62,-3,-0.279999999999998,"COVID19Cases",NA,"2023-01-24_06-03-16","day",11,0,75
"50","BE",2020-04-13,17,1499,FALSE,TRUE,507985,0,507871,0,507046,0,196,557,21.86,25.21,7,1047473,1.62,143.11,2.09,2.41,NA,NA,NA,18.71,53.18,-54,-5.16,"COVID19Cases",NA,"2023-01-24_06-03-16","day",17,0,75
"51","BE",2020-04-14,36,1535,FALSE,TRUE,507985,0,507871,0,507046,0,180,520,22,22.86,7,1047473,3.44,146.54,2.1,2.18,NA,NA,NA,17.18,49.64,-16,-1.53,"COVID19Cases",NA,"2023-01-24_06-03-16","day",36,0,75
"52","BE",2020-04-15,30,1565,FALSE,TRUE,507985,0,507871,0,507046,0,151,493,20.29,19.36,7,1047473,2.86,149.41,1.94,1.85,NA,NA,NA,14.42,47.07,-29,-2.76,"COVID19Cases",NA,"2023-01-24_06-03-16","day",30,0,75
"53","BE",2020-04-16,22,1587,FALSE,TRUE,507985,0,507871,0,507046,0,153,472,20.14,19.43,7,1047473,2.1,151.51,1.92,1.85,NA,NA,NA,14.61,45.06,2,0.19,"COVID19Cases",NA,"2023-01-24_06-03-16","day",22,0,75
"54","BE",2020-04-17,18,1605,FALSE,TRUE,507985,0,507871,0,507046,0,154,427,22.43,18.93,7,1047473,1.72,153.23,2.14,1.81,NA,NA,NA,14.7,40.76,1,0.0899999999999999,"COVID19Cases",NA,"2023-01-24_06-03-16","day",18,0,75
"55","BE",2020-04-18,8,1613,FALSE,TRUE,507985,0,507871,0,507046,0,142,395,20,17.79,7,1047473,0.76,153.99,1.91,1.7,NA,NA,NA,13.56,37.71,-12,-1.14,"COVID19Cases",NA,"2023-01-24_06-03-16","day",8,0,75
"56","BE",2020-04-19,10,1623,FALSE,TRUE,507985,0,507871,0,507046,0,141,391,17.14,17.64,7,1047473,0.95,154.94,1.64,1.68,NA,NA,NA,13.46,37.33,-1,-0.0999999999999996,"COVID19Cases",NA,"2023-01-24_06-03-16","day",10,0,75
"57","BE",2020-04-20,33,1656,FALSE,TRUE,507985,0,507871,0,507046,0,157,353,17,17.43,7,1047473,3.15,158.09,1.62,1.66,NA,NA,NA,14.99,33.7,16,1.53,"COVID19Cases",NA,"2023-01-24_06-03-16","day",33,0,75
"58","BE",2020-04-21,19,1675,FALSE,TRUE,507985,0,507871,0,507046,0,140,320,15.86,15.71,7,1047473,1.81,159.91,1.51,1.5,NA,NA,NA,13.37,30.55,-17,-1.62,"COVID19Cases",NA,"2023-01-24_06-03-16","day",19,0,75
"59","BE",2020-04-22,10,1685,FALSE,TRUE,507985,0,507871,0,507046,0,120,271,15.29,14.5,7,1047473,0.95,160.86,1.46,1.38,NA,NA,NA,11.46,25.87,-20,-1.91,"COVID19Cases",NA,"2023-01-24_06-03-16","day",10,0,75
"60","BE",2020-04-23,21,1706,FALSE,TRUE,507985,0,507871,0,507046,0,119,272,15.14,13.64,7,1047473,2,162.87,1.45,1.3,NA,NA,NA,11.36,25.97,-1,-0.100000000000001,"COVID19Cases",NA,"2023-01-24_06-03-16","day",21,0,75
"61","BE",2020-04-24,10,1716,FALSE,TRUE,507985,0,507871,0,507046,0,111,265,12.43,13.07,7,1047473,0.95,163.82,1.19,1.25,NA,NA,NA,10.6,25.3,-8,-0.76,"COVID19Cases",NA,"2023-01-24_06-03-16","day",10,0,75
"62","BE",2020-04-25,4,1720,FALSE,TRUE,507985,0,507871,0,507046,0,107,249,11.43,12.93,7,1047473,0.38,164.2,1.09,1.23,NA,NA,NA,10.22,23.77,-4,-0.379999999999999,"COVID19Cases",NA,"2023-01-24_06-03-16","day",4,0,75
"63","BE",2020-04-26,9,1729,FALSE,TRUE,507985,0,507871,0,507046,0,106,247,11.86,12.36,7,1047473,0.86,165.06,1.13,1.18,NA,NA,NA,10.12,23.58,-1,-0.100000000000001,"COVID19Cases",NA,"2023-01-24_06-03-16","day",9,0,75
"64","BE",2020-04-27,14,1743,FALSE,TRUE,507985,0,507871,0,507046,0,87,244,10.29,10.43,7,1047473,1.34,166.4,0.98,1,NA,NA,NA,8.31,23.29,-19,-1.81,"COVID19Cases",NA,"2023-01-24_06-03-16","day",14,0,75
"65","BE",2020-04-28,12,1755,FALSE,TRUE,507985,0,507871,0,507046,0,80,220,10.29,9.36,7,1047473,1.15,167.55,0.98,0.89,NA,NA,NA,7.64,21,-7,-0.670000000000001,"COVID19Cases",NA,"2023-01-24_06-03-16","day",12,0,75
"66","BE",2020-04-29,13,1768,FALSE,TRUE,507985,0,507871,0,507046,0,83,203,10.57,9.21,7,1047473,1.24,168.79,1.01,0.88,NA,NA,NA,7.92,19.38,3,0.28,"COVID19Cases",NA,"2023-01-24_06-03-16","day",13,0,75
"67","BE",2020-04-30,10,1778,FALSE,TRUE,507985,0,507871,0,507046,0,72,191,9.57,8.21,7,1047473,0.95,169.74,0.91,0.78,NA,NA,NA,6.87,18.23,-11,-1.05,"COVID19Cases",NA,"2023-01-24_06-03-16","day",10,0,75
"68","BE",2020-05-01,10,1788,FALSE,TRUE,507985,0,507871,0,507046,0,72,183,8.43,7.93,7,1047473,0.95,170.7,0.8,0.76,NA,NA,NA,6.87,17.47,0,0,"COVID19Cases",NA,"2023-01-24_06-03-16","day",10,0,75
"69","BE",2020-05-02,6,1794,FALSE,TRUE,507985,0,507871,0,507046,0,74,181,7.29,8,7,1047473,0.57,171.27,0.7,0.76,NA,NA,NA,7.06,17.28,2,0.19,"COVID19Cases",NA,"2023-01-24_06-03-16","day",6,0,75
"70","BE",2020-05-03,2,1796,FALSE,TRUE,507985,0,507871,0,507046,0,67,173,6.57,7.5,7,1047473,0.19,171.46,0.63,0.72,NA,NA,NA,6.4,16.52,-7,-0.659999999999999,"COVID19Cases",NA,"2023-01-24_06-03-16","day",2,0,75
"71","BE",2020-05-04,6,1802,FALSE,TRUE,507985,0,507871,0,507046,0,59,146,6.14,6.64,7,1047473,0.57,172.03,0.59,0.63,NA,NA,NA,5.63,13.94,-8,-0.77,"COVID19Cases",NA,"2023-01-24_06-03-16","day",6,0,75
"72","BE",2020-05-05,4,1806,FALSE,TRUE,507985,0,507871,0,507046,0,51,131,5.57,6,7,1047473,0.38,172.41,0.53,0.57,NA,NA,NA,4.87,12.51,-8,-0.76,"COVID19Cases",NA,"2023-01-24_06-03-16","day",4,0,75
"73","BE",2020-05-06,8,1814,FALSE,TRUE,507985,0,507871,0,507046,0,46,129,5.43,5.43,7,1047473,0.76,173.18,0.52,0.52,NA,NA,NA,4.39,12.32,-5,-0.48,"COVID19Cases",NA,"2023-01-24_06-03-16","day",8,0,75
"74","BE",2020-05-07,7,1821,FALSE,TRUE,507985,0,507871,0,507046,0,43,115,5.43,5.14,7,1047473,0.67,173.85,0.52,0.49,NA,NA,NA,4.11,10.98,-3,-0.279999999999999,"COVID19Cases",NA,"2023-01-24_06-03-16","day",7,0,75
"75","BE",2020-05-08,6,1827,FALSE,TRUE,507985,0,507871,0,507046,0,39,111,4.86,4.64,7,1047473,0.57,174.42,0.46,0.44,NA,NA,NA,3.72,10.6,-4,-0.39,"COVID19Cases",NA,"2023-01-24_06-03-16","day",6,0,75
"76","BE",2020-05-09,5,1832,FALSE,TRUE,507985,0,507871,0,507046,0,38,112,4.71,4.21,7,1047473,0.48,174.9,0.45,0.4,NA,NA,NA,3.63,10.69,-1,-0.0900000000000003,"COVID19Cases",NA,"2023-01-24_06-03-16","day",5,0,75
"77","BE",2020-05-10,2,1834,FALSE,TRUE,507985,0,507871,0,507046,0,38,105,4.29,4.07,7,1047473,0.19,175.09,0.41,0.39,NA,NA,NA,3.63,10.02,0,0,"COVID19Cases",NA,"2023-01-24_06-03-16","day",2,0,75
"78","BE",2020-05-11,2,1836,FALSE,TRUE,507985,0,507871,0,507046,0,34,93,4.14,3.86,7,1047473,0.19,175.28,0.4,0.37,NA,NA,NA,3.25,8.88,-4,-0.38,"COVID19Cases",NA,"2023-01-24_06-03-16","day",2,0,75
"79","BE",2020-05-12,3,1839,FALSE,TRUE,507985,0,507871,0,507046,0,33,84,3.71,3.86,7,1047473,0.29,175.57,0.35,0.37,NA,NA,NA,3.15,8.02,-1,-0.1,"COVID19Cases",NA,"2023-01-24_06-03-16","day",3,0,75
"80","BE",2020-05-13,5,1844,FALSE,TRUE,507985,0,507871,0,507046,0,30,76,3,3.5,7,1047473,0.48,176.04,0.29,0.33,NA,NA,NA,2.86,7.26,-3,-0.29,"COVID19Cases",NA,"2023-01-24_06-03-16","day",5,0,75
"81","BE",2020-05-14,6,1850,FALSE,TRUE,507985,0,507871,0,507046,0,29,72,2.71,3.21,7,1047473,0.57,176.62,0.26,0.31,NA,NA,NA,2.77,6.87,-1,-0.0899999999999999,"COVID19Cases",NA,"2023-01-24_06-03-16","day",6,0,75
"82","BE",2020-05-15,3,1853,FALSE,TRUE,507985,0,507871,0,507046,0,26,65,2.86,3.07,7,1047473,0.29,176.9,0.27,0.29,NA,NA,NA,2.48,6.21,-3,-0.29,"COVID19Cases",NA,"2023-01-24_06-03-16","day",3,0,75
"83","BE",2020-05-16,0,1853,FALSE,TRUE,507985,0,507871,0,507046,0,21,59,3,2.71,7,1047473,0,176.9,0.29,0.26,NA,NA,NA,2,5.63,-5,-0.48,"COVID19Cases",NA,"2023-01-24_06-03-16","day",0,0,75
"84","BE",2020-05-17,0,1853,FALSE,TRUE,507985,0,507871,0,507046,0,19,57,2.71,2.64,7,1047473,0,176.9,0.26,0.25,NA,NA,NA,1.81,5.44,-2,-0.19,"COVID19Cases",NA,"2023-01-24_06-03-16","day",0,0,75
"85","BE",2020-05-18,3,1856,FALSE,TRUE,507985,0,507871,0,507046,0,20,54,2.29,2.57,7,1047473,0.29,177.19,0.22,0.25,NA,NA,NA,1.91,5.16,1,0.0999999999999999,"COVID19Cases",NA,"2023-01-24_06-03-16","day",3,0,75
"86","BE",2020-05-19,4,1860,FALSE,TRUE,507985,0,507871,0,507046,0,21,54,2.43,2.36,7,1047473,0.38,177.57,0.23,0.23,NA,NA,NA,2,5.16,1,0.0900000000000001,"COVID19Cases",NA,"2023-01-24_06-03-16","day",4,0,75
"87","BE",2020-05-20,3,1863,FALSE,TRUE,507985,0,507871,0,507046,0,19,49,2.43,2.14,7,1047473,0.29,177.86,0.23,0.2,NA,NA,NA,1.81,4.68,-2,-0.19,"COVID19Cases",NA,"2023-01-24_06-03-16","day",3,0,75
"88","BE",2020-05-21,3,1866,FALSE,TRUE,507985,0,507871,0,507046,0,16,45,2.57,1.86,7,1047473,0.29,178.14,0.25,0.18,NA,NA,NA,1.53,4.3,-3,-0.28,"COVID19Cases",NA,"2023-01-24_06-03-16","day",3,0,75
"89","BE",2020-05-22,4,1870,FALSE,TRUE,507985,0,507871,0,507046,0,17,43,2.29,1.79,7,1047473,0.38,178.52,0.22,0.17,NA,NA,NA,1.62,4.11,1,0.0900000000000001,"COVID19Cases",NA,"2023-01-24_06-03-16","day",4,0,75
"90","BE",2020-05-23,0,1870,FALSE,TRUE,507985,0,507871,0,507046,0,17,38,1.71,1.79,7,1047473,0,178.52,0.16,0.17,NA,NA,NA,1.62,3.63,0,0,"COVID19Cases",NA,"2023-01-24_06-03-16","day",0,0,75
"91","BE",2020-05-24,1,1871,FALSE,TRUE,507985,0,507871,0,507046,0,18,37,1.57,1.93,7,1047473,0.1,178.62,0.15,0.18,NA,NA,NA,1.72,3.53,1,0.0999999999999999,"COVID19Cases",NA,"2023-01-24_06-03-16","day",1,0,75
"92","BE",2020-05-25,1,1872,FALSE,TRUE,507985,0,507871,0,507046,0,16,36,1.43,1.71,7,1047473,0.1,178.72,0.14,0.16,NA,NA,NA,1.53,3.44,-2,-0.19,"COVID19Cases",NA,"2023-01-24_06-03-16","day",1,0,75
"93","BE",2020-05-26,0,1872,FALSE,TRUE,507985,0,507871,0,507046,0,12,33,1.14,1.57,7,1047473,0,178.72,0.11,0.15,NA,NA,NA,1.15,3.15,-4,-0.38,"COVID19Cases",NA,"2023-01-24_06-03-16","day",0,0,75
"94","BE",2020-05-27,2,1874,FALSE,TRUE,507985,0,507871,0,507046,0,11,30,1.14,1.43,7,1047473,0.19,178.91,0.11,0.14,NA,NA,NA,1.05,2.86,-1,-0.0999999999999999,"COVID19Cases",NA,"2023-01-24_06-03-16","day",2,0,75
"95","BE",2020-05-28,2,1876,FALSE,TRUE,507985,0,507871,0,507046,0,10,26,1.29,1.43,7,1047473,0.19,179.1,0.12,0.14,NA,NA,NA,0.95,2.48,-1,-0.1,"COVID19Cases",NA,"2023-01-24_06-03-16","day",2,0,75
"96","BE",2020-05-29,2,1878,FALSE,TRUE,507985,0,507871,0,507046,0,8,25,1.14,1.14,7,1047473,0.19,179.29,0.11,0.11,NA,NA,NA,0.76,2.39,-2,-0.19,"COVID19Cases",NA,"2023-01-24_06-03-16","day",2,0,75
"97","BE",2020-05-30,0,1878,FALSE,TRUE,507985,0,507871,0,507046,0,8,25,1.43,1.14,7,1047473,0,179.29,0.14,0.11,NA,NA,NA,0.76,2.39,0,0,"COVID19Cases",NA,"2023-01-24_06-03-16","day",0,0,75
"98","BE",2020-05-31,2,1880,FALSE,TRUE,507985,0,507871,0,507046,0,9,27,1.29,1.14,7,1047473,0.19,179.48,0.12,0.11,NA,NA,NA,0.86,2.58,1,0.1,"COVID19Cases",NA,"2023-01-24_06-03-16","day",2,0,75
"99","BE",2020-06-01,0,1880,FALSE,TRUE,507985,0,507871,0,507046,0,8,24,1.43,1.43,7,1047473,0,179.48,0.14,0.14,NA,NA,NA,0.76,2.29,-1,-0.1,"COVID19Cases",NA,"2023-01-24_06-03-16","day",0,0,75
"100","BE",2020-06-02,2,1882,FALSE,TRUE,507985,0,507871,0,507046,0,10,22,1.14,1.43,7,1047473,0.19,179.67,0.11,0.14,NA,NA,NA,0.95,2.1,2,0.19,"COVID19Cases",NA,"2023-01-24_06-03-16","day",2,0,75
"101","BE",2020-06-03,1,1883,FALSE,TRUE,507985,0,507871,0,507046,0,9,20,1.14,1.71,7,1047473,0.1,179.77,0.11,0.16,NA,NA,NA,0.86,1.91,-1,-0.09,"COVID19Cases",NA,"2023-01-24_06-03-16","day",1,0,75
"102","BE",2020-06-04,3,1886,FALSE,TRUE,507985,0,507871,0,507046,0,10,20,1,1.71,7,1047473,0.29,180.05,0.1,0.16,NA,NA,NA,0.95,1.91,1,0.09,"COVID19Cases",NA,"2023-01-24_06-03-16","day",3,0,75
"103","BE",2020-06-05,0,1886,FALSE,TRUE,507985,0,507871,0,507046,0,8,16,1.71,1.64,7,1047473,0,180.05,0.16,0.16,NA,NA,NA,0.76,1.53,-2,-0.19,"COVID19Cases",NA,"2023-01-24_06-03-16","day",0,0,75
"104","BE",2020-06-06,0,1886,FALSE,TRUE,507985,0,507871,0,507046,0,8,16,1.43,1.71,7,1047473,0,180.05,0.14,0.16,NA,NA,NA,0.76,1.53,0,0,"COVID19Cases",NA,"2023-01-24_06-03-16","day",0,0,75
"105","BE",2020-06-07,1,1887,FALSE,TRUE,507985,0,507871,0,507046,0,7,16,2.14,1.57,7,1047473,0.1,180.15,0.2,0.15,NA,NA,NA,0.67,1.53,-1,-0.09,"COVID19Cases",NA,"2023-01-24_06-03-16","day",1,0,75
"106","BE",2020-06-08,5,1892,FALSE,TRUE,507985,0,507871,0,507046,0,12,20,2,1.71,7,1047473,0.48,180.63,0.19,0.16,NA,NA,NA,1.15,1.91,5,0.48,"COVID19Cases",NA,"2023-01-24_06-03-16","day",5,0,75
"107","BE",2020-06-09,0,1892,FALSE,TRUE,507985,0,507871,0,507046,0,10,20,2.14,1.64,7,1047473,0,180.63,0.2,0.16,NA,NA,NA,0.95,1.91,-2,-0.2,"COVID19Cases",NA,"2023-01-24_06-03-16","day",0,0,75
"108","BE",2020-06-10,6,1898,FALSE,TRUE,507985,0,507871,0,507046,0,15,24,2.29,1.57,7,1047473,0.57,181.2,0.22,0.15,NA,NA,NA,1.43,2.29,5,0.48,"COVID19Cases",NA,"2023-01-24_06-03-16","day",6,0,75
"109","BE",2020-06-11,2,1900,FALSE,TRUE,507985,0,507871,0,507046,0,14,24,2.14,1.36,7,1047473,0.19,181.39,0.2,0.13,NA,NA,NA,1.34,2.29,-1,-0.0899999999999999,"COVID19Cases",NA,"2023-01-24_06-03-16","day",2,0,75
"110","BE",2020-06-12,1,1901,FALSE,TRUE,507985,0,507871,0,507046,0,15,23,1.71,1.43,7,1047473,0.1,181.48,0.16,0.14,NA,NA,NA,1.43,2.2,1,0.0899999999999999,"COVID19Cases",NA,"2023-01-24_06-03-16","day",1,0,75
"111","BE",2020-06-13,1,1902,FALSE,TRUE,507985,0,507871,0,507046,0,16,24,1.86,1.71,7,1047473,0.1,181.58,0.18,0.16,NA,NA,NA,1.53,2.29,1,0.1,"COVID19Cases",NA,"2023-01-24_06-03-16","day",1,0,75
"112","BE",2020-06-14,0,1902,FALSE,TRUE,507985,0,507871,0,507046,0,15,22,1,1.79,7,1047473,0,181.58,0.1,0.17,NA,NA,NA,1.43,2.1,-1,-0.1,"COVID19Cases",NA,"2023-01-24_06-03-16","day",0,0,75
"113","BE",2020-06-15,2,1904,FALSE,TRUE,507985,0,507871,0,507046,0,12,24,0.71,1.64,7,1047473,0.19,181.77,0.07,0.16,NA,NA,NA,1.15,2.29,-3,-0.28,"COVID19Cases",NA,"2023-01-24_06-03-16","day",2,0,75
"114","BE",2020-06-16,1,1905,FALSE,TRUE,507985,0,507871,0,507046,0,13,23,0.71,1.86,7,1047473,0.1,181.87,0.07,0.18,NA,NA,NA,1.24,2.2,1,0.0900000000000001,"COVID19Cases",NA,"2023-01-24_06-03-16","day",1,0,75
"115","BE",2020-06-17,0,1905,FALSE,TRUE,507985,0,507871,0,507046,0,7,22,1.14,1.43,7,1047473,0,181.87,0.11,0.14,NA,NA,NA,0.67,2.1,-6,-0.57,"COVID19Cases",NA,"2023-01-24_06-03-16","day",0,0,75
"116","BE",2020-06-18,0,1905,FALSE,TRUE,507985,0,507871,0,507046,0,5,19,1.43,1.29,7,1047473,0,181.87,0.14,0.12,NA,NA,NA,0.48,1.81,-2,-0.19,"COVID19Cases",NA,"2023-01-24_06-03-16","day",0,0,75
"117","BE",2020-06-19,1,1906,FALSE,TRUE,507985,0,507871,0,507046,0,5,20,1.57,1.57,7,1047473,0.1,181.96,0.15,0.15,NA,NA,NA,0.48,1.91,0,0,"COVID19Cases",NA,"2023-01-24_06-03-16","day",1,0,75
"118","BE",2020-06-20,4,1910,FALSE,TRUE,507985,0,507871,0,507046,0,8,24,1.86,1.57,7,1047473,0.38,182.34,0.18,0.15,NA,NA,NA,0.76,2.29,3,0.28,"COVID19Cases",NA,"2023-01-24_06-03-16","day",4,0,75
"119","BE",2020-06-21,2,1912,FALSE,TRUE,507985,0,507871,0,507046,0,10,25,1.86,1.64,7,1047473,0.19,182.53,0.18,0.16,NA,NA,NA,0.95,2.39,2,0.19,"COVID19Cases",NA,"2023-01-24_06-03-16","day",2,0,75
"120","BE",2020-06-22,3,1915,FALSE,TRUE,507985,0,507871,0,507046,0,11,23,1.86,1.86,7,1047473,0.29,182.82,0.18,0.18,NA,NA,NA,1.05,2.2,1,0.1,"COVID19Cases",NA,"2023-01-24_06-03-16","day",3,0,75
"121","BE",2020-06-23,3,1918,FALSE,TRUE,507985,0,507871,0,507046,0,13,26,2.43,2.29,7,1047473,0.29,183.11,0.23,0.22,NA,NA,NA,1.24,2.48,2,0.19,"COVID19Cases",NA,"2023-01-24_06-03-16","day",3,0,75
"122","BE",2020-06-24,0,1918,FALSE,TRUE,507985,0,507871,0,507046,0,13,20,2,2.57,7,1047473,0,183.11,0.19,0.25,NA,NA,NA,1.24,1.91,0,0,"COVID19Cases",NA,"2023-01-24_06-03-16","day",0,0,75
"123","BE",2020-06-25,0,1918,FALSE,TRUE,507985,0,507871,0,507046,0,13,18,1.86,2.79,7,1047473,0,183.11,0.18,0.27,NA,NA,NA,1.24,1.72,0,0,"COVID19Cases",NA,"2023-01-24_06-03-16","day",0,0,75
"124","BE",2020-06-26,5,1923,FALSE,TRUE,507985,0,507871,0,507046,0,17,22,2.14,3.21,7,1047473,0.48,183.58,0.2,0.31,NA,NA,NA,1.62,2.1,4,0.38,"COVID19Cases",NA,"2023-01-24_06-03-16","day",5,0,75
"125","BE",2020-06-27,1,1924,FALSE,TRUE,507985,0,507871,0,507046,0,14,22,2.71,3,7,1047473,0.1,183.68,0.26,0.29,NA,NA,NA,1.34,2.1,-3,-0.28,"COVID19Cases",NA,"2023-01-24_06-03-16","day",1,0,75
"126","BE",2020-06-28,1,1925,FALSE,TRUE,507985,0,507871,0,507046,0,13,23,3.29,3,7,1047473,0.1,183.78,0.31,0.29,NA,NA,NA,1.24,2.2,-1,-0.1,"COVID19Cases",NA,"2023-01-24_06-03-16","day",1,0,75
"127","BE",2020-06-29,5,1930,FALSE,TRUE,507985,0,507871,0,507046,0,15,26,3.71,3.14,7,1047473,0.48,184.25,0.35,0.3,NA,NA,NA,1.43,2.48,2,0.19,"COVID19Cases",NA,"2023-01-24_06-03-16","day",5,0,75
"128","BE",2020-06-30,7,1937,FALSE,TRUE,507985,0,507871,0,507046,0,19,32,4,3.36,7,1047473,0.67,184.92,0.38,0.32,NA,NA,NA,1.81,3.05,4,0.38,"COVID19Cases",NA,"2023-01-24_06-03-16","day",7,0,75
"129","VD",2020-02-24,0,0,FALSE,TRUE,427016,0,426891,0,426057,0,NA,NA,NA,NA,7,822968,0,0,NA,NA,NA,NA,NA,NA,NA,NA,NA,"COVID19Cases",NA,"2023-01-24_06-03-16","day",0,0,80
"130","VD",2020-02-25,0,0,FALSE,TRUE,427016,0,426891,0,426057,0,NA,NA,NA,NA,7,822968,0,0,NA,NA,NA,NA,NA,NA,NA,NA,NA,"COVID19Cases",NA,"2023-01-24_06-03-16","day",0,0,80
"131","VD",2020-02-26,1,1,FALSE,TRUE,427016,0,426891,0,426057,0,NA,NA,NA,NA,7,822968,0.12,0.12,NA,NA,NA,NA,NA,NA,NA,NA,NA,"COVID19Cases",NA,"2023-01-24_06-03-16","day",1,0,80
"132","VD",2020-02-27,0,1,FALSE,TRUE,427016,0,426891,0,426057,0,NA,NA,0.29,NA,7,822968,0,0.12,0.04,NA,NA,NA,NA,NA,NA,NA,NA,"COVID19Cases",NA,"2023-01-24_06-03-16","day",0,0,80
"133","VD",2020-02-28,0,1,FALSE,TRUE,427016,0,426891,0,426057,0,NA,NA,1,NA,7,822968,0,0.12,0.12,NA,NA,NA,NA,NA,NA,NA,NA,"COVID19Cases",NA,"2023-01-24_06-03-16","day",0,0,80
"134","VD",2020-02-29,0,1,FALSE,TRUE,427016,0,426891,0,426057,0,NA,NA,1.57,NA,7,822968,0,0.12,0.19,NA,NA,NA,NA,NA,NA,NA,NA,"COVID19Cases",NA,"2023-01-24_06-03-16","day",0,0,80
"135","VD",2020-03-01,1,2,FALSE,TRUE,427016,0,426891,0,426057,0,2,NA,2.57,4.21,7,822968,0.12,0.24,0.31,0.51,NA,NA,NA,0.24,NA,NA,NA,"COVID19Cases",NA,"2023-01-24_06-03-16","day",1,0,80
"136","VD",2020-03-02,5,7,FALSE,TRUE,427016,0,426891,0,426057,0,7,NA,4.14,6.79,7,822968,0.61,0.85,0.5,0.83,NA,NA,NA,0.85,NA,5,0.61,"COVID19Cases",NA,"2023-01-24_06-03-16","day",5,0,80
"137","VD",2020-03-03,4,11,FALSE,TRUE,427016,0,426891,0,426057,0,11,NA,5.29,9.64,7,822968,0.49,1.34,0.64,1.17,NA,NA,NA,1.34,NA,4,0.49,"COVID19Cases",NA,"2023-01-24_06-03-16","day",4,0,80
"138","VD",2020-03-04,8,19,FALSE,TRUE,427016,0,426891,0,426057,0,18,NA,6.86,14.86,7,822968,0.97,2.31,0.83,1.81,NA,NA,NA,2.19,NA,7,0.85,"COVID19Cases",NA,"2023-01-24_06-03-16","day",8,0,80
"139","VD",2020-03-05,11,30,FALSE,TRUE,427016,0,426891,0,426057,0,29,NA,8.14,20.21,7,822968,1.34,3.65,0.99,2.46,NA,NA,NA,3.52,NA,11,1.33,"COVID19Cases",NA,"2023-01-24_06-03-16","day",11,0,80
"140","VD",2020-03-06,8,38,FALSE,TRUE,427016,0,426891,0,426057,0,37,NA,12.57,27.14,7,822968,0.97,4.62,1.53,3.3,NA,NA,NA,4.5,NA,8,0.98,"COVID19Cases",NA,"2023-01-24_06-03-16","day",8,0,80
"141","VD",2020-03-07,11,49,FALSE,TRUE,427016,0,426891,0,426057,0,48,NA,17.71,34.79,7,822968,1.34,5.95,2.15,4.23,NA,NA,NA,5.83,NA,11,1.33,"COVID19Cases",NA,"2023-01-24_06-03-16","day",11,0,80
"142","VD",2020-03-08,10,59,FALSE,TRUE,427016,0,426891,0,426057,0,57,59,27.14,41.29,7,822968,1.22,7.17,3.3,5.02,NA,NA,NA,6.93,7.17,9,1.1,"COVID19Cases",NA,"2023-01-24_06-03-16","day",10,0,80
"143","VD",2020-03-09,36,95,FALSE,TRUE,427016,0,426891,0,426057,0,88,95,36.29,57.93,7,822968,4.37,11.54,4.41,7.04,NA,NA,NA,10.69,11.54,31,3.76,"COVID19Cases",NA,"2023-01-24_06-03-16","day",36,0,80
"144","VD",2020-03-10,40,135,FALSE,TRUE,427016,0,426891,0,426057,0,124,135,49,75.36,7,822968,4.86,16.4,5.95,9.16,NA,NA,NA,15.07,16.4,36,4.38,"COVID19Cases",NA,"2023-01-24_06-03-16","day",40,0,80
"145","VD",2020-03-11,74,209,FALSE,TRUE,427016,0,426891,0,426057,0,190,208,62.71,94.07,7,822968,8.99,25.4,7.62,11.43,NA,NA,NA,23.09,25.27,66,8.02,"COVID19Cases",NA,"2023-01-24_06-03-16","day",74,0,80
"146","VD",2020-03-12,75,284,FALSE,TRUE,427016,0,426891,0,426057,0,254,283,74.43,108.79,7,822968,9.11,34.51,9.04,13.22,NA,NA,NA,30.86,34.39,64,7.77,"COVID19Cases",NA,"2023-01-24_06-03-16","day",75,0,80
"147","VD",2020-03-13,97,381,FALSE,TRUE,427016,0,426891,0,426057,0,343,380,103.29,125.57,7,822968,11.79,46.3,12.55,15.26,NA,NA,NA,41.68,46.17,89,10.82,"COVID19Cases",NA,"2023-01-24_06-03-16","day",97,0,80
"148","VD",2020-03-14,107,488,FALSE,TRUE,427016,0,426891,0,426057,0,439,487,133,133.43,7,822968,13,59.3,16.16,16.21,NA,NA,NA,53.34,59.18,96,11.66,"COVID19Cases",NA,"2023-01-24_06-03-16","day",107,0,80
"149","VD",2020-03-15,92,580,FALSE,TRUE,427016,0,426891,0,426057,0,521,578,161,140.21,7,822968,11.18,70.48,19.56,17.04,NA,NA,NA,63.31,70.23,82,9.97,"COVID19Cases",NA,"2023-01-24_06-03-16","day",92,0,80
"150","VD",2020-03-16,238,818,FALSE,TRUE,427016,0,426891,0,426057,0,723,811,181.29,159.86,7,822968,28.92,99.4,22.03,19.42,NA,NA,NA,87.85,98.55,202,24.54,"COVID19Cases",NA,"2023-01-24_06-03-16","day",238,0,80
"151","VD",2020-03-17,248,1066,FALSE,TRUE,427016,0,426891,0,426057,0,931,1055,202.14,176.43,7,822968,30.13,129.53,24.56,21.44,NA,NA,NA,113.13,128.19,208,25.28,"COVID19Cases",NA,"2023-01-24_06-03-16","day",248,0,80
"152","VD",2020-03-18,270,1336,FALSE,TRUE,427016,0,426891,0,426057,0,1127,1317,204.14,184.93,7,822968,32.81,162.34,24.81,22.47,NA,NA,NA,136.94,160.03,196,23.81,"COVID19Cases",NA,"2023-01-24_06-03-16","day",270,0,80
"153","VD",2020-03-19,217,1553,FALSE,TRUE,427016,0,426891,0,426057,0,1269,1523,206,194.29,7,822968,26.37,188.71,25.03,23.61,NA,NA,NA,154.2,185.06,142,17.26,"COVID19Cases",NA,"2023-01-24_06-03-16","day",217,0,80
"154","VD",2020-03-20,243,1796,FALSE,TRUE,427016,0,426891,0,426057,0,1415,1758,216.43,204.29,7,822968,29.53,218.23,26.3,24.82,NA,NA,NA,171.94,213.62,146,17.74,"COVID19Cases",NA,"2023-01-24_06-03-16","day",243,0,80
"155","VD",2020-03-21,121,1917,FALSE,TRUE,427016,0,426891,0,426057,0,1429,1868,219.86,206.14,7,822968,14.7,232.94,26.72,25.05,NA,NA,NA,173.64,226.98,14,1.69999999999999,"COVID19Cases",NA,"2023-01-24_06-03-16","day",121,0,80
"156","VD",2020-03-22,105,2022,FALSE,TRUE,427016,0,426891,0,426057,0,1442,1963,208.86,205.86,7,822968,12.76,245.7,25.38,25.01,NA,NA,NA,175.22,238.53,13,1.58000000000001,"COVID19Cases",NA,"2023-01-24_06-03-16","day",105,0,80
"157","VD",2020-03-23,311,2333,FALSE,TRUE,427016,0,426891,0,426057,0,1515,2238,207.29,204.14,7,822968,37.79,283.49,25.19,24.81,NA,NA,NA,184.09,271.94,73,8.87,"COVID19Cases",NA,"2023-01-24_06-03-16","day",311,0,80
"158","VD",2020-03-24,272,2605,FALSE,TRUE,427016,0,426891,0,426057,0,1539,2470,206.43,198,7,822968,33.05,316.54,25.08,24.06,NA,NA,NA,187.01,300.13,24,2.91999999999999,"COVID19Cases",NA,"2023-01-24_06-03-16","day",272,0,80
"159","VD",2020-03-25,193,2798,FALSE,TRUE,427016,0,426891,0,426057,0,1462,2589,208.14,189.64,7,822968,23.45,339.99,25.29,23.04,NA,NA,NA,177.65,314.59,-77,-9.35999999999999,"COVID19Cases",NA,"2023-01-24_06-03-16","day",193,0,80
"160","VD",2020-03-26,206,3004,FALSE,TRUE,427016,0,426891,0,426057,0,1451,2720,205.71,183.86,7,822968,25.03,365.02,25,22.34,NA,NA,NA,176.31,330.51,-11,-1.34,"COVID19Cases",NA,"2023-01-24_06-03-16","day",206,0,80
"161","VD",2020-03-27,237,3241,FALSE,TRUE,427016,0,426891,0,426057,0,1445,2860,191.86,176.29,7,822968,28.8,393.82,23.31,21.42,NA,NA,NA,175.58,347.52,-6,-0.72999999999999,"COVID19Cases",NA,"2023-01-24_06-03-16","day",237,0,80
"162","VD",2020-03-28,133,3374,FALSE,TRUE,427016,0,426891,0,426057,0,1457,2886,176.14,172.79,7,822968,16.16,409.98,21.4,21,NA,NA,NA,177.04,350.68,12,1.45999999999998,"COVID19Cases",NA,"2023-01-24_06-03-16","day",133,0,80
"163","VD",2020-03-29,88,3462,FALSE,TRUE,427016,0,426891,0,426057,0,1440,2882,170.43,168.21,7,822968,10.69,420.67,20.71,20.44,NA,NA,NA,174.98,350.2,-17,-2.06,"COVID19Cases",NA,"2023-01-24_06-03-16","day",88,0,80
"164","VD",2020-03-30,214,3676,FALSE,TRUE,427016,0,426891,0,426057,0,1343,2858,160.43,154.57,7,822968,26,446.68,19.49,18.78,NA,NA,NA,163.19,347.28,-97,-11.79,"COVID19Cases",NA,"2023-01-24_06-03-16","day",214,0,80
"165","VD",2020-03-31,162,3838,FALSE,TRUE,427016,0,426891,0,426057,0,1233,2772,146.14,141,7,822968,19.68,466.36,17.76,17.13,NA,NA,NA,149.82,336.83,-110,-13.37,"COVID19Cases",NA,"2023-01-24_06-03-16","day",162,0,80
"166","VD",2020-04-01,153,3991,FALSE,TRUE,427016,0,426891,0,426057,0,1193,2655,137.43,133.93,7,822968,18.59,484.95,16.7,16.27,NA,NA,NA,144.96,322.61,-40,-4.85999999999999,"COVID19Cases",NA,"2023-01-24_06-03-16","day",153,0,80
"167","VD",2020-04-02,136,4127,FALSE,TRUE,427016,0,426891,0,426057,0,1123,2574,130.71,126.14,7,822968,16.53,501.48,15.88,15.33,NA,NA,NA,136.46,312.77,-70,-8.5,"COVID19Cases",NA,"2023-01-24_06-03-16","day",136,0,80
"168","VD",2020-04-03,137,4264,FALSE,TRUE,427016,0,426891,0,426057,0,1023,2468,117.29,112.71,7,822968,16.65,518.12,14.25,13.7,NA,NA,NA,124.31,299.89,-100,-12.15,"COVID19Cases",NA,"2023-01-24_06-03-16","day",137,0,80
"169","VD",2020-04-04,72,4336,FALSE,TRUE,427016,0,426891,0,426057,0,962,2419,105.86,106.07,7,822968,8.75,526.87,12.86,12.89,NA,NA,NA,116.89,293.94,-61,-7.42,"COVID19Cases",NA,"2023-01-24_06-03-16","day",72,0,80
"170","VD",2020-04-05,41,4377,FALSE,TRUE,427016,0,426891,0,426057,0,915,2355,97.43,102.57,7,822968,4.98,531.86,11.84,12.46,NA,NA,NA,111.18,286.16,-47,-5.70999999999999,"COVID19Cases",NA,"2023-01-24_06-03-16","day",41,0,80
"171","VD",2020-04-06,120,4497,FALSE,TRUE,427016,0,426891,0,426057,0,821,2164,91.86,90.5,7,822968,14.58,546.44,11.16,11,NA,NA,NA,99.76,262.95,-94,-11.42,"COVID19Cases",NA,"2023-01-24_06-03-16","day",120,0,80
"172","VD",2020-04-07,82,4579,FALSE,TRUE,427016,0,426891,0,426057,0,741,1974,79.29,83.93,7,822968,9.96,556.4,9.63,10.2,NA,NA,NA,90.04,239.86,-80,-9.72,"COVID19Cases",NA,"2023-01-24_06-03-16","day",82,0,80
"173","VD",2020-04-08,94,4673,FALSE,TRUE,427016,0,426891,0,426057,0,682,1875,74.71,76.64,7,822968,11.42,567.82,9.08,9.31,NA,NA,NA,82.87,227.83,-59,-7.17,"COVID19Cases",NA,"2023-01-24_06-03-16","day",94,0,80
"174","VD",2020-04-09,97,4770,FALSE,TRUE,427016,0,426891,0,426057,0,643,1766,74.43,69.07,7,822968,11.79,579.61,9.04,8.39,NA,NA,NA,78.13,214.59,-39,-4.74000000000001,"COVID19Cases",NA,"2023-01-24_06-03-16","day",97,0,80
"175","VD",2020-04-10,49,4819,FALSE,TRUE,427016,0,426891,0,426057,0,555,1578,63.71,61.64,7,822968,5.95,585.56,7.74,7.49,NA,NA,NA,67.44,191.75,-88,-10.69,"COVID19Cases",NA,"2023-01-24_06-03-16","day",49,0,80
"176","VD",2020-04-11,40,4859,FALSE,TRUE,427016,0,426891,0,426057,0,523,1485,62,57.86,7,822968,4.86,590.42,7.53,7.03,NA,NA,NA,63.55,180.44,-32,-3.89,"COVID19Cases",NA,"2023-01-24_06-03-16","day",40,0,80
"177","VD",2020-04-12,39,4898,FALSE,TRUE,427016,0,426891,0,426057,0,521,1436,55.86,55.71,7,822968,4.74,595.16,6.79,6.77,NA,NA,NA,63.31,174.49,-2,-0.239999999999995,"COVID19Cases",NA,"2023-01-24_06-03-16","day",39,0,80
"178","VD",2020-04-13,45,4943,FALSE,TRUE,427016,0,426891,0,426057,0,446,1267,46.29,49.5,7,822968,5.47,600.63,5.62,6.01,NA,NA,NA,54.19,153.95,-75,-9.12,"COVID19Cases",NA,"2023-01-24_06-03-16","day",45,0,80
"179","VD",2020-04-14,70,5013,FALSE,TRUE,427016,0,426891,0,426057,0,434,1175,44,45.93,7,822968,8.51,609.14,5.35,5.58,NA,NA,NA,52.74,142.78,-12,-1.45,"COVID19Cases",NA,"2023-01-24_06-03-16","day",70,0,80
"180","VD",2020-04-15,51,5064,FALSE,TRUE,427016,0,426891,0,426057,0,391,1073,41,40.79,7,822968,6.2,615.33,4.98,4.96,NA,NA,NA,47.51,130.38,-43,-5.23,"COVID19Cases",NA,"2023-01-24_06-03-16","day",51,0,80
"181","VD",2020-04-16,30,5094,FALSE,TRUE,427016,0,426891,0,426057,0,324,967,37,36.07,7,822968,3.65,618.98,4.5,4.38,NA,NA,NA,39.37,117.5,-67,-8.14,"COVID19Cases",NA,"2023-01-24_06-03-16","day",30,0,80
"182","VD",2020-04-17,33,5127,FALSE,TRUE,427016,0,426891,0,426057,0,308,863,35.29,34.14,7,822968,4.01,622.99,4.29,4.15,NA,NA,NA,37.43,104.86,-16,-1.94,"COVID19Cases",NA,"2023-01-24_06-03-16","day",33,0,80
"183","VD",2020-04-18,19,5146,FALSE,TRUE,427016,0,426891,0,426057,0,287,810,29.86,32.21,7,822968,2.31,625.3,3.63,3.91,NA,NA,NA,34.87,98.42,-21,-2.56,"COVID19Cases",NA,"2023-01-24_06-03-16","day",19,0,80
"184","VD",2020-04-19,11,5157,FALSE,TRUE,427016,0,426891,0,426057,0,259,780,25.71,30.07,7,822968,1.34,626.63,3.12,3.65,NA,NA,NA,31.47,94.78,-28,-3.4,"COVID19Cases",NA,"2023-01-24_06-03-16","day",11,0,80
"185","VD",2020-04-20,33,5190,FALSE,TRUE,427016,0,426891,0,426057,0,247,693,25.86,28.14,7,822968,4.01,630.64,3.14,3.42,NA,NA,NA,30.01,84.21,-12,-1.46,"COVID19Cases",NA,"2023-01-24_06-03-16","day",33,0,80
"186","VD",2020-04-21,32,5222,FALSE,TRUE,427016,0,426891,0,426057,0,209,643,24.29,24.79,7,822968,3.89,634.53,2.95,3.01,NA,NA,NA,25.4,78.13,-38,-4.61,"COVID19Cases",NA,"2023-01-24_06-03-16","day",32,0,80
"187","VD",2020-04-22,22,5244,FALSE,TRUE,427016,0,426891,0,426057,0,180,571,23.43,22.21,7,822968,2.67,637.21,2.85,2.7,NA,NA,NA,21.87,69.38,-29,-3.53,"COVID19Cases",NA,"2023-01-24_06-03-16","day",22,0,80
"188","VD",2020-04-23,31,5275,FALSE,TRUE,427016,0,426891,0,426057,0,181,505,23.14,21,7,822968,3.77,640.97,2.81,2.55,NA,NA,NA,21.99,61.36,1,0.119999999999997,"COVID19Cases",NA,"2023-01-24_06-03-16","day",31,0,80
"189","VD",2020-04-24,22,5297,FALSE,TRUE,427016,0,426891,0,426057,0,170,478,21,19.86,7,822968,2.67,643.65,2.55,2.41,NA,NA,NA,20.66,58.08,-11,-1.33,"COVID19Cases",NA,"2023-01-24_06-03-16","day",22,0,80
"190","VD",2020-04-25,13,5310,FALSE,TRUE,427016,0,426891,0,426057,0,164,451,19.71,19.14,7,822968,1.58,645.23,2.39,2.33,NA,NA,NA,19.93,54.8,-6,-0.73,"COVID19Cases",NA,"2023-01-24_06-03-16","day",13,0,80
"191","VD",2020-04-26,9,5319,FALSE,TRUE,427016,0,426891,0,426057,0,162,421,18.71,18.71,7,822968,1.09,646.32,2.27,2.27,NA,NA,NA,19.68,51.16,-2,-0.25,"COVID19Cases",NA,"2023-01-24_06-03-16","day",9,0,80
"192","VD",2020-04-27,18,5337,FALSE,TRUE,427016,0,426891,0,426057,0,147,394,16.14,17,7,822968,2.19,648.51,1.96,2.07,NA,NA,NA,17.86,47.88,-15,-1.82,"COVID19Cases",NA,"2023-01-24_06-03-16","day",18,0,80
"193","VD",2020-04-28,23,5360,FALSE,TRUE,427016,0,426891,0,426057,0,138,347,15.43,15.5,7,822968,2.79,651.3,1.87,1.88,NA,NA,NA,16.77,42.16,-9,-1.09,"COVID19Cases",NA,"2023-01-24_06-03-16","day",23,0,80
"194","VD",2020-04-29,15,5375,FALSE,TRUE,427016,0,426891,0,426057,0,131,311,14.86,15.29,7,822968,1.82,653.12,1.81,1.86,NA,NA,NA,15.92,37.79,-7,-0.85,"COVID19Cases",NA,"2023-01-24_06-03-16","day",15,0,80
"195","VD",2020-04-30,13,5388,FALSE,TRUE,427016,0,426891,0,426057,0,113,294,14.29,13.43,7,822968,1.58,654.7,1.74,1.63,NA,NA,NA,13.73,35.72,-18,-2.19,"COVID19Cases",NA,"2023-01-24_06-03-16","day",13,0,80
"196","VD",2020-05-01,17,5405,FALSE,TRUE,427016,0,426891,0,426057,0,108,278,13,12.64,7,822968,2.07,656.77,1.58,1.54,NA,NA,NA,13.12,33.78,-5,-0.610000000000001,"COVID19Cases",NA,"2023-01-24_06-03-16","day",17,0,80
"197","VD",2020-05-02,9,5414,FALSE,TRUE,427016,0,426891,0,426057,0,104,268,11.29,12.21,7,822968,1.09,657.86,1.37,1.48,NA,NA,NA,12.64,32.57,-4,-0.479999999999999,"COVID19Cases",NA,"2023-01-24_06-03-16","day",9,0,80
"198","VD",2020-05-03,5,5419,FALSE,TRUE,427016,0,426891,0,426057,0,100,262,11.86,11.57,7,822968,0.61,658.47,1.44,1.41,NA,NA,NA,12.15,31.84,-4,-0.49,"COVID19Cases",NA,"2023-01-24_06-03-16","day",5,0,80
"199","VD",2020-05-04,9,5428,FALSE,TRUE,427016,0,426891,0,426057,0,91,238,10.71,10.79,7,822968,1.09,659.56,1.3,1.31,NA,NA,NA,11.06,28.92,-9,-1.09,"COVID19Cases",NA,"2023-01-24_06-03-16","day",9,0,80
"200","VD",2020-05-05,11,5439,FALSE,TRUE,427016,0,426891,0,426057,0,79,217,9.86,9.86,7,822968,1.34,660.9,1.2,1.2,NA,NA,NA,9.6,26.37,-12,-1.46,"COVID19Cases",NA,"2023-01-24_06-03-16","day",11,0,80
"201","VD",2020-05-06,19,5458,FALSE,TRUE,427016,0,426891,0,426057,0,83,214,9.57,9.43,7,822968,2.31,663.21,1.16,1.15,NA,NA,NA,10.09,26,4,0.49,"COVID19Cases",NA,"2023-01-24_06-03-16","day",19,0,80
"202","VD",2020-05-07,5,5463,FALSE,TRUE,427016,0,426891,0,426057,0,75,188,8.86,8.86,7,822968,0.61,663.82,1.08,1.08,NA,NA,NA,9.11,22.84,-8,-0.98,"COVID19Cases",NA,"2023-01-24_06-03-16","day",5,0,80
"203","VD",2020-05-08,11,5474,FALSE,TRUE,427016,0,426891,0,426057,0,69,177,8.57,7.93,7,822968,1.34,665.15,1.04,0.96,NA,NA,NA,8.38,21.51,-6,-0.729999999999999,"COVID19Cases",NA,"2023-01-24_06-03-16","day",11,0,80
"204","VD",2020-05-09,7,5481,FALSE,TRUE,427016,0,426891,0,426057,0,67,171,8.43,7.29,7,822968,0.85,666,1.02,0.89,NA,NA,NA,8.14,20.78,-2,-0.24,"COVID19Cases",NA,"2023-01-24_06-03-16","day",7,0,80
"205","VD",2020-05-10,0,5481,FALSE,TRUE,427016,0,426891,0,426057,0,62,162,7,7.07,7,822968,0,666,0.85,0.86,NA,NA,NA,7.53,19.68,-5,-0.61,"COVID19Cases",NA,"2023-01-24_06-03-16","day",0,0,80
"206","VD",2020-05-11,7,5488,FALSE,TRUE,427016,0,426891,0,426057,0,60,151,7,6.71,7,822968,0.85,666.85,0.85,0.82,NA,NA,NA,7.29,18.35,-2,-0.24,"COVID19Cases",NA,"2023-01-24_06-03-16","day",7,0,80
"207","VD",2020-05-12,10,5498,FALSE,TRUE,427016,0,426891,0,426057,0,59,138,6,6.21,7,822968,1.22,668.07,0.73,0.75,NA,NA,NA,7.17,16.77,-1,-0.12,"COVID19Cases",NA,"2023-01-24_06-03-16","day",10,0,80
"208","VD",2020-05-13,9,5507,FALSE,TRUE,427016,0,426891,0,426057,0,49,132,5,5.14,7,822968,1.09,669.16,0.61,0.62,NA,NA,NA,5.95,16.04,-10,-1.22,"COVID19Cases",NA,"2023-01-24_06-03-16","day",9,0,80
"209","VD",2020-05-14,5,5512,FALSE,TRUE,427016,0,426891,0,426057,0,49,124,5.29,4.79,7,822968,0.61,669.77,0.64,0.58,NA,NA,NA,5.95,15.07,0,0,"COVID19Cases",NA,"2023-01-24_06-03-16","day",5,0,80
"210","VD",2020-05-15,4,5516,FALSE,TRUE,427016,0,426891,0,426057,0,42,111,4.86,4.36,7,822968,0.49,670.26,0.59,0.53,NA,NA,NA,5.1,13.49,-7,-0.850000000000001,"COVID19Cases",NA,"2023-01-24_06-03-16","day",4,0,80
"211","VD",2020-05-16,0,5516,FALSE,TRUE,427016,0,426891,0,426057,0,35,102,4,4.29,7,822968,0,670.26,0.49,0.52,NA,NA,NA,4.25,12.39,-7,-0.85,"COVID19Cases",NA,"2023-01-24_06-03-16","day",0,0,80
"212","VD",2020-05-17,2,5518,FALSE,TRUE,427016,0,426891,0,426057,0,37,99,3.29,4.43,7,822968,0.24,670.5,0.4,0.54,NA,NA,NA,4.5,12.03,2,0.25,"COVID19Cases",NA,"2023-01-24_06-03-16","day",2,0,80
"213","VD",2020-05-18,4,5522,FALSE,TRUE,427016,0,426891,0,426057,0,34,94,2.57,3.93,7,822968,0.49,670.99,0.31,0.48,NA,NA,NA,4.13,11.42,-3,-0.37,"COVID19Cases",NA,"2023-01-24_06-03-16","day",4,0,80
"214","VD",2020-05-19,4,5526,FALSE,TRUE,427016,0,426891,0,426057,0,28,87,2.71,3.43,7,822968,0.49,671.47,0.33,0.42,NA,NA,NA,3.4,10.57,-6,-0.73,"COVID19Cases",NA,"2023-01-24_06-03-16","day",4,0,80
"215","VD",2020-05-20,4,5530,FALSE,TRUE,427016,0,426891,0,426057,0,23,72,3.57,2.93,7,822968,0.49,671.96,0.43,0.36,NA,NA,NA,2.79,8.75,-5,-0.61,"COVID19Cases",NA,"2023-01-24_06-03-16","day",4,0,80
"216","VD",2020-05-21,0,5530,FALSE,TRUE,427016,0,426891,0,426057,0,18,67,3.57,2.79,7,822968,0,671.96,0.43,0.34,NA,NA,NA,2.19,8.14,-5,-0.6,"COVID19Cases",NA,"2023-01-24_06-03-16","day",0,0,80
"217","VD",2020-05-22,5,5535,FALSE,TRUE,427016,0,426891,0,426057,0,19,61,3,2.71,7,822968,0.61,672.57,0.36,0.33,NA,NA,NA,2.31,7.41,1,0.12,"COVID19Cases",NA,"2023-01-24_06-03-16","day",5,0,80
"218","VD",2020-05-23,6,5541,FALSE,TRUE,427016,0,426891,0,426057,0,25,60,2.86,2.79,7,822968,0.73,673.29,0.35,0.34,NA,NA,NA,3.04,7.29,6,0.73,"COVID19Cases",NA,"2023-01-24_06-03-16","day",6,0,80
"219","VD",2020-05-24,2,5543,FALSE,TRUE,427016,0,426891,0,426057,0,25,62,2.57,2.71,7,822968,0.24,673.54,0.31,0.33,NA,NA,NA,3.04,7.53,0,0,"COVID19Cases",NA,"2023-01-24_06-03-16","day",2,0,80
"220","VD",2020-05-25,0,5543,FALSE,TRUE,427016,0,426891,0,426057,0,21,55,3,2.43,7,822968,0,673.54,0.36,0.3,NA,NA,NA,2.55,6.68,-4,-0.49,"COVID19Cases",NA,"2023-01-24_06-03-16","day",0,0,80
"221","VD",2020-05-26,3,5546,FALSE,TRUE,427016,0,426891,0,426057,0,20,48,2.71,2.43,7,822968,0.36,673.9,0.33,0.3,NA,NA,NA,2.43,5.83,-1,-0.12,"COVID19Cases",NA,"2023-01-24_06-03-16","day",3,0,80
"222","VD",2020-05-27,2,5548,FALSE,TRUE,427016,0,426891,0,426057,0,18,41,2,2.29,7,822968,0.24,674.15,0.24,0.28,NA,NA,NA,2.19,4.98,-2,-0.24,"COVID19Cases",NA,"2023-01-24_06-03-16","day",2,0,80
"223","VD",2020-05-28,3,5551,FALSE,TRUE,427016,0,426891,0,426057,0,21,39,1.86,2.5,7,822968,0.36,674.51,0.23,0.3,NA,NA,NA,2.55,4.74,3,0.36,"COVID19Cases",NA,"2023-01-24_06-03-16","day",3,0,80
"224","VD",2020-05-29,3,5554,FALSE,TRUE,427016,0,426891,0,426057,0,19,38,1.86,2.29,7,822968,0.36,674.87,0.23,0.28,NA,NA,NA,2.31,4.62,-2,-0.24,"COVID19Cases",NA,"2023-01-24_06-03-16","day",3,0,80
"225","VD",2020-05-30,1,5555,FALSE,TRUE,427016,0,426891,0,426057,0,14,39,2,2,7,822968,0.12,675,0.24,0.24,NA,NA,NA,1.7,4.74,-5,-0.61,"COVID19Cases",NA,"2023-01-24_06-03-16","day",1,0,80
"226","VD",2020-05-31,1,5556,FALSE,TRUE,427016,0,426891,0,426057,0,13,38,2,2,7,822968,0.12,675.12,0.24,0.24,NA,NA,NA,1.58,4.62,-1,-0.12,"COVID19Cases",NA,"2023-01-24_06-03-16","day",1,0,80
"227","VD",2020-06-01,0,5556,FALSE,TRUE,427016,0,426891,0,426057,0,13,34,2,2.07,7,822968,0,675.12,0.24,0.25,NA,NA,NA,1.58,4.13,0,0,"COVID19Cases",NA,"2023-01-24_06-03-16","day",0,0,80
"228","VD",2020-06-02,4,5560,FALSE,TRUE,427016,0,426891,0,426057,0,14,34,1.86,2.07,7,822968,0.49,675.6,0.23,0.25,NA,NA,NA,1.7,4.13,1,0.12,"COVID19Cases",NA,"2023-01-24_06-03-16","day",4,0,80
"229","VD",2020-06-03,2,5562,FALSE,TRUE,427016,0,426891,0,426057,0,14,32,2,2,7,822968,0.24,675.85,0.24,0.24,NA,NA,NA,1.7,3.89,0,0,"COVID19Cases",NA,"2023-01-24_06-03-16","day",2,0,80
"230","VD",2020-06-04,3,5565,FALSE,TRUE,427016,0,426891,0,426057,0,14,35,2.14,2.07,7,822968,0.36,676.21,0.26,0.25,NA,NA,NA,1.7,4.25,0,0,"COVID19Cases",NA,"2023-01-24_06-03-16","day",3,0,80
"231","VD",2020-06-05,2,5567,FALSE,TRUE,427016,0,426891,0,426057,0,13,32,2.29,2.43,7,822968,0.24,676.45,0.28,0.3,NA,NA,NA,1.58,3.89,-1,-0.12,"COVID19Cases",NA,"2023-01-24_06-03-16","day",2,0,80
"232","VD",2020-06-06,2,5569,FALSE,TRUE,427016,0,426891,0,426057,0,14,28,2.14,2.36,7,822968,0.24,676.7,0.26,0.29,NA,NA,NA,1.7,3.4,1,0.12,"COVID19Cases",NA,"2023-01-24_06-03-16","day",2,0,80
"233","VD",2020-06-07,2,5571,FALSE,TRUE,427016,0,426891,0,426057,0,15,28,2,2.36,7,822968,0.24,676.94,0.24,0.29,NA,NA,NA,1.82,3.4,1,0.12,"COVID19Cases",NA,"2023-01-24_06-03-16","day",2,0,80
"234","VD",2020-06-08,1,5572,FALSE,TRUE,427016,0,426891,0,426057,0,16,29,2.14,2.57,7,822968,0.12,677.06,0.26,0.31,NA,NA,NA,1.94,3.52,1,0.12,"COVID19Cases",NA,"2023-01-24_06-03-16","day",1,0,80
"235","VD",2020-06-09,3,5575,FALSE,TRUE,427016,0,426891,0,426057,0,15,29,3,2.86,7,822968,0.36,677.43,0.36,0.35,NA,NA,NA,1.82,3.52,-1,-0.12,"COVID19Cases",NA,"2023-01-24_06-03-16","day",3,0,80
"236","VD",2020-06-10,1,5576,FALSE,TRUE,427016,0,426891,0,426057,0,14,28,2.71,3.07,7,822968,0.12,677.55,0.33,0.37,NA,NA,NA,1.7,3.4,-1,-0.12,"COVID19Cases",NA,"2023-01-24_06-03-16","day",1,0,80
"237","VD",2020-06-11,4,5580,FALSE,TRUE,427016,0,426891,0,426057,0,15,29,2.57,3,7,822968,0.49,678.03,0.31,0.36,NA,NA,NA,1.82,3.52,1,0.12,"COVID19Cases",NA,"2023-01-24_06-03-16","day",4,0,80
"238","VD",2020-06-12,8,5588,FALSE,TRUE,427016,0,426891,0,426057,0,21,34,2.86,3.29,7,822968,0.97,679.01,0.35,0.4,NA,NA,NA,2.55,4.13,6,0.73,"COVID19Cases",NA,"2023-01-24_06-03-16","day",8,0,80
"239","VD",2020-06-13,0,5588,FALSE,TRUE,427016,0,426891,0,426057,0,19,33,3.57,3.29,7,822968,0,679.01,0.43,0.4,NA,NA,NA,2.31,4.01,-2,-0.24,"COVID19Cases",NA,"2023-01-24_06-03-16","day",0,0,80
"240","VD",2020-06-14,1,5589,FALSE,TRUE,427016,0,426891,0,426057,0,18,33,4.14,3.29,7,822968,0.12,679.13,0.5,0.4,NA,NA,NA,2.19,4.01,-1,-0.12,"COVID19Cases",NA,"2023-01-24_06-03-16","day",1,0,80
"241","VD",2020-06-15,3,5592,FALSE,TRUE,427016,0,426891,0,426057,0,20,36,3.86,4,7,822968,0.36,679.49,0.47,0.49,NA,NA,NA,2.43,4.37,2,0.24,"COVID19Cases",NA,"2023-01-24_06-03-16","day",3,0,80
"242","VD",2020-06-16,8,5600,FALSE,TRUE,427016,0,426891,0,426057,0,25,40,3.57,4.29,7,822968,0.97,680.46,0.43,0.52,NA,NA,NA,3.04,4.86,5,0.61,"COVID19Cases",NA,"2023-01-24_06-03-16","day",8,0,80
"243","VD",2020-06-17,5,5605,FALSE,TRUE,427016,0,426891,0,426057,0,29,43,3.86,4.93,7,822968,0.61,681.07,0.47,0.6,NA,NA,NA,3.52,5.22,4,0.48,"COVID19Cases",NA,"2023-01-24_06-03-16","day",5,0,80
"244","VD",2020-06-18,2,5607,FALSE,TRUE,427016,0,426891,0,426057,0,27,42,4,4.86,7,822968,0.24,681.31,0.49,0.59,NA,NA,NA,3.28,5.1,-2,-0.24,"COVID19Cases",NA,"2023-01-24_06-03-16","day",2,0,80
"245","VD",2020-06-19,6,5613,FALSE,TRUE,427016,0,426891,0,426057,0,25,46,5.14,4.71,7,822968,0.73,682.04,0.62,0.57,NA,NA,NA,3.04,5.59,-2,-0.24,"COVID19Cases",NA,"2023-01-24_06-03-16","day",6,0,80
"246","VD",2020-06-20,2,5615,FALSE,TRUE,427016,0,426891,0,426057,0,27,46,5,4.86,7,822968,0.24,682.29,0.61,0.59,NA,NA,NA,3.28,5.59,2,0.24,"COVID19Cases",NA,"2023-01-24_06-03-16","day",2,0,80
"247","VD",2020-06-21,2,5617,FALSE,TRUE,427016,0,426891,0,426057,0,28,46,5.71,5.36,7,822968,0.24,682.53,0.69,0.65,NA,NA,NA,3.4,5.59,1,0.12,"COVID19Cases",NA,"2023-01-24_06-03-16","day",2,0,80
"248","VD",2020-06-22,11,5628,FALSE,TRUE,427016,0,426891,0,426057,0,36,56,5.86,6.29,7,822968,1.34,683.87,0.71,0.76,NA,NA,NA,4.37,6.8,8,0.97,"COVID19Cases",NA,"2023-01-24_06-03-16","day",11,0,80
"249","VD",2020-06-23,7,5635,FALSE,TRUE,427016,0,426891,0,426057,0,35,60,5.86,6.93,7,822968,0.85,684.72,0.71,0.84,NA,NA,NA,4.25,7.29,-1,-0.12,"COVID19Cases",NA,"2023-01-24_06-03-16","day",7,0,80
"250","VD",2020-06-24,10,5645,FALSE,TRUE,427016,0,426891,0,426057,0,40,69,5.86,7.29,7,822968,1.22,685.93,0.71,0.89,NA,NA,NA,4.86,8.38,5,0.61,"COVID19Cases",NA,"2023-01-24_06-03-16","day",10,0,80
"251","VD",2020-06-25,3,5648,FALSE,TRUE,427016,0,426891,0,426057,0,41,68,6.71,9,7,822968,0.36,686.3,0.82,1.09,NA,NA,NA,4.98,8.26,1,0.12,"COVID19Cases",NA,"2023-01-24_06-03-16","day",3,0,80
"252","VD",2020-06-26,6,5654,FALSE,TRUE,427016,0,426891,0,426057,0,41,66,7.43,9.5,7,822968,0.73,687.03,0.9,1.15,NA,NA,NA,4.98,8.02,0,0,"COVID19Cases",NA,"2023-01-24_06-03-16","day",6,0,80
"253","VD",2020-06-27,2,5656,FALSE,TRUE,427016,0,426891,0,426057,0,41,68,8.86,9.57,7,822968,0.24,687.27,1.08,1.16,NA,NA,NA,4.98,8.26,0,0,"COVID19Cases",NA,"2023-01-24_06-03-16","day",2,0,80
"254","VD",2020-06-28,8,5664,FALSE,TRUE,427016,0,426891,0,426057,0,47,75,8.86,9.93,7,822968,0.97,688.24,1.08,1.21,NA,NA,NA,5.71,9.11,6,0.73,"COVID19Cases",NA,"2023-01-24_06-03-16","day",8,0,80
"255","VD",2020-06-29,16,5680,FALSE,TRUE,427016,0,426891,0,426057,0,52,88,12.14,10.07,7,822968,1.94,690.18,1.48,1.22,NA,NA,NA,6.32,10.69,5,0.61,"COVID19Cases",NA,"2023-01-24_06-03-16","day",16,0,80
"256","VD",2020-06-30,17,5697,FALSE,TRUE,427016,0,426891,0,426057,0,62,97,13.14,10.71,7,822968,2.07,692.25,1.6,1.3,NA,NA,NA,7.53,11.79,10,1.21,"COVID19Cases",NA,"2023-01-24_06-03-16","day",17,0,80
"257","ZH",2020-02-24,0,0,FALSE,TRUE,786985,0,786783,0,785492,0,NA,NA,NA,NA,7,1564662,0,0,NA,NA,NA,NA,NA,NA,NA,NA,NA,"COVID19Cases",NA,"2023-01-24_06-03-16","day",0,0,165
"258","ZH",2020-02-25,0,0,FALSE,TRUE,786985,0,786783,0,785492,0,NA,NA,NA,NA,7,1564662,0,0,NA,NA,NA,NA,NA,NA,NA,NA,NA,"COVID19Cases",NA,"2023-01-24_06-03-16","day",0,0,165
"259","ZH",2020-02-26,1,1,FALSE,TRUE,786985,0,786783,0,785492,0,NA,NA,NA,NA,7,1564662,0.06,0.06,NA,NA,NA,NA,NA,NA,NA,NA,NA,"COVID19Cases",NA,"2023-01-24_06-03-16","day",1,0,165
"260","ZH",2020-02-27,1,2,FALSE,TRUE,786985,0,786783,0,785492,0,NA,NA,1.14,NA,7,1564662,0.06,0.13,0.07,NA,NA,NA,NA,NA,NA,NA,NA,"COVID19Cases",NA,"2023-01-24_06-03-16","day",1,0,165
"261","ZH",2020-02-28,0,2,FALSE,TRUE,786985,0,786783,0,785492,0,NA,NA,1.86,NA,7,1564662,0,0.13,0.12,NA,NA,NA,NA,NA,NA,NA,NA,"COVID19Cases",NA,"2023-01-24_06-03-16","day",0,0,165
"262","ZH",2020-02-29,4,6,FALSE,TRUE,786985,0,786783,0,785492,0,NA,NA,2,NA,7,1564662,0.26,0.38,0.13,NA,NA,NA,NA,NA,NA,NA,NA,"COVID19Cases",NA,"2023-01-24_06-03-16","day",4,0,165
"263","ZH",2020-03-01,2,8,FALSE,TRUE,786985,0,786783,0,785492,0,8,NA,2.57,3,7,1564662,0.13,0.51,0.16,0.19,NA,NA,NA,0.51,NA,NA,NA,"COVID19Cases",NA,"2023-01-24_06-03-16","day",2,0,165
"264","ZH",2020-03-02,5,13,FALSE,TRUE,786985,0,786783,0,785492,0,13,NA,3.14,3.93,7,1564662,0.32,0.83,0.2,0.25,NA,NA,NA,0.83,NA,5,0.32,"COVID19Cases",NA,"2023-01-24_06-03-16","day",5,0,165
"265","ZH",2020-03-03,1,14,FALSE,TRUE,786985,0,786783,0,785492,0,14,NA,3.86,6.29,7,1564662,0.06,0.89,0.25,0.4,NA,NA,NA,0.89,NA,1,0.0600000000000001,"COVID19Cases",NA,"2023-01-24_06-03-16","day",1,0,165
"266","ZH",2020-03-04,5,19,FALSE,TRUE,786985,0,786783,0,785492,0,18,NA,4.29,9.07,7,1564662,0.32,1.21,0.27,0.58,NA,NA,NA,1.15,NA,4,0.26,"COVID19Cases",NA,"2023-01-24_06-03-16","day",5,0,165
"267","ZH",2020-03-05,5,24,FALSE,TRUE,786985,0,786783,0,785492,0,22,NA,4.86,11.79,7,1564662,0.32,1.53,0.31,0.75,NA,NA,NA,1.41,NA,4,0.26,"COVID19Cases",NA,"2023-01-24_06-03-16","day",5,0,165
"268","ZH",2020-03-06,5,29,FALSE,TRUE,786985,0,786783,0,785492,0,27,NA,6,15.64,7,1564662,0.32,1.85,0.38,1,NA,NA,NA,1.73,NA,5,0.32,"COVID19Cases",NA,"2023-01-24_06-03-16","day",5,0,165
"269","ZH",2020-03-07,7,36,FALSE,TRUE,786985,0,786783,0,785492,0,30,NA,10.57,17.79,7,1564662,0.45,2.3,0.68,1.14,NA,NA,NA,1.92,NA,3,0.19,"COVID19Cases",NA,"2023-01-24_06-03-16","day",7,0,165
"270","ZH",2020-03-08,6,42,FALSE,TRUE,786985,0,786783,0,785492,0,34,42,15.57,20.36,7,1564662,0.38,2.68,1,1.3,NA,NA,NA,2.17,2.68,4,0.25,"COVID19Cases",NA,"2023-01-24_06-03-16","day",6,0,165
"271","ZH",2020-03-09,13,55,FALSE,TRUE,786985,0,786783,0,785492,0,42,55,20.43,29.64,7,1564662,0.83,3.52,1.31,1.89,NA,NA,NA,2.68,3.52,8,0.51,"COVID19Cases",NA,"2023-01-24_06-03-16","day",13,0,165
"272","ZH",2020-03-10,33,88,FALSE,TRUE,786985,0,786783,0,785492,0,74,88,27.43,38.86,7,1564662,2.11,5.62,1.75,2.48,NA,NA,NA,4.73,5.62,32,2.05,"COVID19Cases",NA,"2023-01-24_06-03-16","day",33,0,165
"273","ZH",2020-03-11,40,128,FALSE,TRUE,786985,0,786783,0,785492,0,109,127,31.29,48,7,1564662,2.56,8.18,2,3.07,NA,NA,NA,6.97,8.12,35,2.24,"COVID19Cases",NA,"2023-01-24_06-03-16","day",40,0,165
"274","ZH",2020-03-12,39,167,FALSE,TRUE,786985,0,786783,0,785492,0,143,165,35.86,57.36,7,1564662,2.49,10.67,2.29,3.67,NA,NA,NA,9.14,10.55,34,2.17,"COVID19Cases",NA,"2023-01-24_06-03-16","day",39,0,165
"275","ZH",2020-03-13,54,221,FALSE,TRUE,786985,0,786783,0,785492,0,192,219,53.29,67.07,7,1564662,3.45,14.12,3.41,4.29,NA,NA,NA,12.27,14,49,3.13,"COVID19Cases",NA,"2023-01-24_06-03-16","day",54,0,165
"276","ZH",2020-03-14,34,255,FALSE,TRUE,786985,0,786783,0,785492,0,219,249,67.14,71.71,7,1564662,2.17,16.3,4.29,4.58,NA,NA,NA,14,15.91,27,1.73,"COVID19Cases",NA,"2023-01-24_06-03-16","day",34,0,165
"277","ZH",2020-03-15,38,293,FALSE,TRUE,786985,0,786783,0,785492,0,251,285,80.43,74.93,7,1564662,2.43,18.73,5.14,4.79,NA,NA,NA,16.04,18.21,32,2.04,"COVID19Cases",NA,"2023-01-24_06-03-16","day",38,0,165
"278","ZH",2020-03-16,135,428,FALSE,TRUE,786985,0,786783,0,785492,0,373,415,94.29,86.64,7,1564662,8.63,27.35,6.03,5.54,NA,NA,NA,23.84,26.52,122,7.8,"COVID19Cases",NA,"2023-01-24_06-03-16","day",135,0,165
"279","ZH",2020-03-17,130,558,FALSE,TRUE,786985,0,786783,0,785492,0,470,544,106.71,94.21,7,1564662,8.31,35.66,6.82,6.02,NA,NA,NA,30.04,34.77,97,6.2,"COVID19Cases",NA,"2023-01-24_06-03-16","day",130,0,165
"280","ZH",2020-03-18,133,691,FALSE,TRUE,786985,0,786783,0,785492,0,563,672,112.14,99.21,7,1564662,8.5,44.16,7.17,6.34,NA,NA,NA,35.98,42.95,93,5.94,"COVID19Cases",NA,"2023-01-24_06-03-16","day",133,0,165
"281","ZH",2020-03-19,136,827,FALSE,TRUE,786985,0,786783,0,785492,0,660,803,114,104.57,7,1564662,8.69,52.85,7.29,6.68,NA,NA,NA,42.18,51.32,97,6.2,"COVID19Cases",NA,"2023-01-24_06-03-16","day",136,0,165
"282","ZH",2020-03-20,141,968,FALSE,TRUE,786985,0,786783,0,785492,0,747,939,120,112.14,7,1564662,9.01,61.87,7.67,7.17,NA,NA,NA,47.74,60.01,87,5.56,"COVID19Cases",NA,"2023-01-24_06-03-16","day",141,0,165
"283","ZH",2020-03-21,72,1040,FALSE,TRUE,786985,0,786783,0,785492,0,785,1004,121.29,114.79,7,1564662,4.6,66.47,7.75,7.34,NA,NA,NA,50.17,64.17,38,2.43,"COVID19Cases",NA,"2023-01-24_06-03-16","day",72,0,165
"284","ZH",2020-03-22,51,1091,FALSE,TRUE,786985,0,786783,0,785492,0,798,1049,118,114.93,7,1564662,3.26,69.73,7.54,7.35,NA,NA,NA,51,67.04,13,0.829999999999998,"COVID19Cases",NA,"2023-01-24_06-03-16","day",51,0,165
"285","ZH",2020-03-23,177,1268,FALSE,TRUE,786985,0,786783,0,785492,0,840,1213,114.86,116.57,7,1564662,11.31,81.04,7.34,7.45,NA,NA,NA,53.69,77.52,42,2.69,"COVID19Cases",NA,"2023-01-24_06-03-16","day",177,0,165
"286","ZH",2020-03-24,139,1407,FALSE,TRUE,786985,0,786783,0,785492,0,849,1319,117.57,116.5,7,1564662,8.88,89.92,7.51,7.45,NA,NA,NA,54.26,84.3,9,0.57,"COVID19Cases",NA,"2023-01-24_06-03-16","day",139,0,165
"287","ZH",2020-03-25,110,1517,FALSE,TRUE,786985,0,786783,0,785492,0,826,1389,117.43,115.21,7,1564662,7.03,96.95,7.51,7.36,NA,NA,NA,52.79,88.77,-23,-1.47,"COVID19Cases",NA,"2023-01-24_06-03-16","day",110,0,165
"288","ZH",2020-03-26,114,1631,FALSE,TRUE,786985,0,786783,0,785492,0,804,1464,115.86,113.71,7,1564662,7.29,104.24,7.4,7.27,NA,NA,NA,51.38,93.57,-22,-1.41,"COVID19Cases",NA,"2023-01-24_06-03-16","day",114,0,165
"289","ZH",2020-03-27,160,1791,FALSE,TRUE,786985,0,786783,0,785492,0,823,1570,113.14,113.14,7,1564662,10.23,114.47,7.23,7.23,NA,NA,NA,52.6,100.34,19,1.22,"COVID19Cases",NA,"2023-01-24_06-03-16","day",160,0,165
"290","ZH",2020-03-28,71,1862,FALSE,TRUE,786985,0,786783,0,785492,0,822,1607,111.71,111.07,7,1564662,4.54,119,7.14,7.1,NA,NA,NA,52.54,102.71,-1,-0.0600000000000023,"COVID19Cases",NA,"2023-01-24_06-03-16","day",71,0,165
"291","ZH",2020-03-29,40,1902,FALSE,TRUE,786985,0,786783,0,785492,0,811,1609,112.43,109,7,1564662,2.56,121.56,7.19,6.97,NA,NA,NA,51.83,102.83,-11,-0.710000000000001,"COVID19Cases",NA,"2023-01-24_06-03-16","day",40,0,165
"292","ZH",2020-03-30,158,2060,FALSE,TRUE,786985,0,786783,0,785492,0,792,1632,112.57,103.36,7,1564662,10.1,131.66,7.19,6.61,NA,NA,NA,50.62,104.3,-19,-1.21,"COVID19Cases",NA,"2023-01-24_06-03-16","day",158,0,165
"293","ZH",2020-03-31,129,2189,FALSE,TRUE,786985,0,786783,0,785492,0,782,1631,108.71,99.64,7,1564662,8.24,139.9,6.95,6.37,NA,NA,NA,49.98,104.24,-10,-0.640000000000001,"COVID19Cases",NA,"2023-01-24_06-03-16","day",129,0,165
"294","ZH",2020-04-01,115,2304,FALSE,TRUE,786985,0,786783,0,785492,0,787,1613,104.71,96.14,7,1564662,7.35,147.25,6.69,6.14,NA,NA,NA,50.3,103.09,5,0.32,"COVID19Cases",NA,"2023-01-24_06-03-16","day",115,0,165
"295","ZH",2020-04-02,115,2419,FALSE,TRUE,786985,0,786783,0,785492,0,788,1592,102.14,91.71,7,1564662,7.35,154.6,6.53,5.86,NA,NA,NA,50.36,101.75,1,0.0600000000000023,"COVID19Cases",NA,"2023-01-24_06-03-16","day",115,0,165
"296","ZH",2020-04-03,133,2552,FALSE,TRUE,786985,0,786783,0,785492,0,761,1584,93.57,82.71,7,1564662,8.5,163.1,5.98,5.29,NA,NA,NA,48.64,101.24,-27,-1.72,"COVID19Cases",NA,"2023-01-24_06-03-16","day",133,0,165
"297","ZH",2020-04-04,43,2595,FALSE,TRUE,786985,0,786783,0,785492,0,733,1555,87.57,78.93,7,1564662,2.75,165.85,5.6,5.04,NA,NA,NA,46.85,99.38,-28,-1.79,"COVID19Cases",NA,"2023-01-24_06-03-16","day",43,0,165
"298","ZH",2020-04-05,22,2617,FALSE,TRUE,786985,0,786783,0,785492,0,715,1526,79.86,78.29,7,1564662,1.41,167.26,5.1,5,NA,NA,NA,45.7,97.53,-18,-1.15,"COVID19Cases",NA,"2023-01-24_06-03-16","day",22,0,165
"299","ZH",2020-04-06,98,2715,FALSE,TRUE,786985,0,786783,0,785492,0,655,1447,70.86,68.14,7,1564662,6.26,173.52,4.53,4.35,NA,NA,NA,41.86,92.48,-60,-3.84,"COVID19Cases",NA,"2023-01-24_06-03-16","day",98,0,165
"300","ZH",2020-04-07,87,2802,FALSE,TRUE,786985,0,786783,0,785492,0,613,1395,56.71,62.79,7,1564662,5.56,179.08,3.62,4.01,NA,NA,NA,39.18,89.16,-42,-2.68,"COVID19Cases",NA,"2023-01-24_06-03-16","day",87,0,165
"301","ZH",2020-04-08,61,2863,FALSE,TRUE,786985,0,786783,0,785492,0,559,1346,53.14,56.57,7,1564662,3.9,182.98,3.4,3.62,NA,NA,NA,35.73,86.02,-54,-3.45,"COVID19Cases",NA,"2023-01-24_06-03-16","day",61,0,165
"302","ZH",2020-04-09,52,2915,FALSE,TRUE,786985,0,786783,0,785492,0,496,1284,54.43,51.29,7,1564662,3.32,186.3,3.48,3.28,NA,NA,NA,31.7,82.06,-63,-4.03,"COVID19Cases",NA,"2023-01-24_06-03-16","day",52,0,165
"303","ZH",2020-04-10,34,2949,FALSE,TRUE,786985,0,786783,0,785492,0,397,1158,42.71,43.86,7,1564662,2.17,188.48,2.73,2.8,NA,NA,NA,25.37,74.01,-99,-6.33,"COVID19Cases",NA,"2023-01-24_06-03-16","day",34,0,165
"304","ZH",2020-04-11,18,2967,FALSE,TRUE,786985,0,786783,0,785492,0,372,1105,38,41.71,7,1564662,1.15,189.63,2.43,2.67,NA,NA,NA,23.78,70.62,-25,-1.59,"COVID19Cases",NA,"2023-01-24_06-03-16","day",18,0,165
"305","ZH",2020-04-12,31,2998,FALSE,TRUE,786985,0,786783,0,785492,0,381,1096,33.29,40.71,7,1564662,1.98,191.61,2.13,2.6,NA,NA,NA,24.35,70.05,9,0.57,"COVID19Cases",NA,"2023-01-24_06-03-16","day",31,0,165
"306","ZH",2020-04-13,16,3014,FALSE,TRUE,786985,0,786783,0,785492,0,299,954,31.71,35.71,7,1564662,1.02,192.63,2.03,2.28,NA,NA,NA,19.11,60.97,-82,-5.24,"COVID19Cases",NA,"2023-01-24_06-03-16","day",16,0,165
"307","ZH",2020-04-14,54,3068,FALSE,TRUE,786985,0,786783,0,785492,0,266,879,31,32,7,1564662,3.45,196.08,1.98,2.05,NA,NA,NA,17,56.18,-33,-2.11,"COVID19Cases",NA,"2023-01-24_06-03-16","day",54,0,165
"308","ZH",2020-04-15,28,3096,FALSE,TRUE,786985,0,786783,0,785492,0,233,792,30.29,29.07,7,1564662,1.79,197.87,1.94,1.86,NA,NA,NA,14.89,50.62,-33,-2.11,"COVID19Cases",NA,"2023-01-24_06-03-16","day",28,0,165
"309","ZH",2020-04-16,41,3137,FALSE,TRUE,786985,0,786783,0,785492,0,222,718,27,27.07,7,1564662,2.62,200.49,1.73,1.73,NA,NA,NA,14.19,45.89,-11,-0.700000000000001,"COVID19Cases",NA,"2023-01-24_06-03-16","day",41,0,165
"310","ZH",2020-04-17,29,3166,FALSE,TRUE,786985,0,786783,0,785492,0,217,614,28.71,26.5,7,1564662,1.85,202.34,1.83,1.69,NA,NA,NA,13.87,39.24,-5,-0.32,"COVID19Cases",NA,"2023-01-24_06-03-16","day",29,0,165
"311","ZH",2020-04-18,13,3179,FALSE,TRUE,786985,0,786783,0,785492,0,212,584,26,26.29,7,1564662,0.83,203.17,1.66,1.68,NA,NA,NA,13.55,37.32,-5,-0.319999999999999,"COVID19Cases",NA,"2023-01-24_06-03-16","day",13,0,165
"312","ZH",2020-04-19,8,3187,FALSE,TRUE,786985,0,786783,0,785492,0,189,570,24.86,24.71,7,1564662,0.51,203.69,1.59,1.58,NA,NA,NA,12.08,36.43,-23,-1.47,"COVID19Cases",NA,"2023-01-24_06-03-16","day",8,0,165
"313","ZH",2020-04-20,28,3215,FALSE,TRUE,786985,0,786783,0,785492,0,201,500,22.43,25.07,7,1564662,1.79,205.48,1.43,1.6,NA,NA,NA,12.85,31.96,12,0.77,"COVID19Cases",NA,"2023-01-24_06-03-16","day",28,0,165
"314","ZH",2020-04-21,35,3250,FALSE,TRUE,786985,0,786783,0,785492,0,182,448,22,22.86,7,1564662,2.24,207.71,1.41,1.46,NA,NA,NA,11.63,28.63,-19,-1.22,"COVID19Cases",NA,"2023-01-24_06-03-16","day",35,0,165
"315","ZH",2020-04-22,20,3270,FALSE,TRUE,786985,0,786783,0,785492,0,174,407,22.29,21.29,7,1564662,1.28,208.99,1.42,1.36,NA,NA,NA,11.12,26.01,-8,-0.510000000000002,"COVID19Cases",NA,"2023-01-24_06-03-16","day",20,0,165
"316","ZH",2020-04-23,24,3294,FALSE,TRUE,786985,0,786783,0,785492,0,157,379,22.43,19.14,7,1564662,1.53,210.52,1.43,1.22,NA,NA,NA,10.03,24.22,-17,-1.09,"COVID19Cases",NA,"2023-01-24_06-03-16","day",24,0,165
"317","ZH",2020-04-24,26,3320,FALSE,TRUE,786985,0,786783,0,785492,0,154,371,21.43,17.07,7,1564662,1.66,212.19,1.37,1.09,NA,NA,NA,9.84,23.71,-3,-0.19,"COVID19Cases",NA,"2023-01-24_06-03-16","day",26,0,165
"318","ZH",2020-04-25,15,3335,FALSE,TRUE,786985,0,786783,0,785492,0,156,368,19.71,16.43,7,1564662,0.96,213.15,1.26,1.05,NA,NA,NA,9.97,23.52,2,0.130000000000001,"COVID19Cases",NA,"2023-01-24_06-03-16","day",15,0,165
"319","ZH",2020-04-26,9,3344,FALSE,TRUE,786985,0,786783,0,785492,0,157,346,17.71,16,7,1564662,0.58,213.72,1.13,1.02,NA,NA,NA,10.03,22.11,1,0.0599999999999987,"COVID19Cases",NA,"2023-01-24_06-03-16","day",9,0,165
"320","ZH",2020-04-27,21,3365,FALSE,TRUE,786985,0,786783,0,785492,0,150,351,15.86,15.29,7,1564662,1.34,215.06,1.01,0.98,NA,NA,NA,9.59,22.43,-7,-0.44,"COVID19Cases",NA,"2023-01-24_06-03-16","day",21,0,165
"321","ZH",2020-04-28,23,3388,FALSE,TRUE,786985,0,786783,0,785492,0,138,320,12.14,13.71,7,1564662,1.47,216.53,0.78,0.88,NA,NA,NA,8.82,20.45,-12,-0.77,"COVID19Cases",NA,"2023-01-24_06-03-16","day",23,0,165
"322","ZH",2020-04-29,6,3394,FALSE,TRUE,786985,0,786783,0,785492,0,124,298,10.57,13.14,7,1564662,0.38,216.92,0.68,0.84,NA,NA,NA,7.93,19.05,-14,-0.890000000000001,"COVID19Cases",NA,"2023-01-24_06-03-16","day",6,0,165
"323","ZH",2020-04-30,11,3405,FALSE,TRUE,786985,0,786783,0,785492,0,111,268,9.57,11.86,7,1564662,0.7,217.62,0.61,0.76,NA,NA,NA,7.09,17.13,-13,-0.84,"COVID19Cases",NA,"2023-01-24_06-03-16","day",11,0,165
"324","ZH",2020-05-01,0,3405,FALSE,TRUE,786985,0,786783,0,785492,0,85,239,9.14,10.21,7,1564662,0,217.62,0.58,0.65,NA,NA,NA,5.43,15.27,-26,-1.66,"COVID19Cases",NA,"2023-01-24_06-03-16","day",0,0,165
"325","ZH",2020-05-02,4,3409,FALSE,TRUE,786985,0,786783,0,785492,0,74,230,7.71,9.21,7,1564662,0.26,217.87,0.49,0.59,NA,NA,NA,4.73,14.7,-11,-0.699999999999999,"COVID19Cases",NA,"2023-01-24_06-03-16","day",4,0,165
"326","ZH",2020-05-03,2,3411,FALSE,TRUE,786985,0,786783,0,785492,0,67,224,8.57,8.71,7,1564662,0.13,218,0.55,0.56,NA,NA,NA,4.28,14.32,-7,-0.45,"COVID19Cases",NA,"2023-01-24_06-03-16","day",2,0,165
"327","ZH",2020-05-04,18,3429,FALSE,TRUE,786985,0,786783,0,785492,0,64,214,7.86,7.71,7,1564662,1.15,219.15,0.5,0.49,NA,NA,NA,4.09,13.68,-3,-0.19,"COVID19Cases",NA,"2023-01-24_06-03-16","day",18,0,165
"328","ZH",2020-05-05,13,3442,FALSE,TRUE,786985,0,786783,0,785492,0,54,192,8.29,6.57,7,1564662,0.83,219.98,0.53,0.42,NA,NA,NA,3.45,12.27,-10,-0.64,"COVID19Cases",NA,"2023-01-24_06-03-16","day",13,0,165
"329","ZH",2020-05-06,12,3454,FALSE,TRUE,786985,0,786783,0,785492,0,60,184,7.86,6.21,7,1564662,0.77,220.75,0.5,0.4,NA,NA,NA,3.83,11.76,6,0.38,"COVID19Cases",NA,"2023-01-24_06-03-16","day",12,0,165
"330","ZH",2020-05-07,6,3460,FALSE,TRUE,786985,0,786783,0,785492,0,55,166,7.86,5.71,7,1564662,0.38,221.13,0.5,0.36,NA,NA,NA,3.52,10.61,-5,-0.31,"COVID19Cases",NA,"2023-01-24_06-03-16","day",6,0,165
"331","ZH",2020-05-08,3,3463,FALSE,TRUE,786985,0,786783,0,785492,0,58,143,6.29,6,7,1564662,0.19,221.33,0.4,0.38,NA,NA,NA,3.71,9.14,3,0.19,"COVID19Cases",NA,"2023-01-24_06-03-16","day",3,0,165
"332","ZH",2020-05-09,1,3464,FALSE,TRUE,786985,0,786783,0,785492,0,55,129,5.43,5.79,7,1564662,0.06,221.39,0.35,0.37,NA,NA,NA,3.52,8.24,-3,-0.19,"COVID19Cases",NA,"2023-01-24_06-03-16","day",1,0,165
"333","ZH",2020-05-10,2,3466,FALSE,TRUE,786985,0,786783,0,785492,0,55,122,3.86,5.93,7,1564662,0.13,221.52,0.25,0.38,NA,NA,NA,3.52,7.8,0,0,"COVID19Cases",NA,"2023-01-24_06-03-16","day",2,0,165
"334","ZH",2020-05-11,7,3473,FALSE,TRUE,786985,0,786783,0,785492,0,44,108,3.57,4.79,7,1564662,0.45,221.96,0.23,0.31,NA,NA,NA,2.81,6.9,-11,-0.71,"COVID19Cases",NA,"2023-01-24_06-03-16","day",7,0,165
"335","ZH",2020-05-12,7,3480,FALSE,TRUE,786985,0,786783,0,785492,0,38,92,3.71,3.93,7,1564662,0.45,222.41,0.24,0.25,NA,NA,NA,2.43,5.88,-6,-0.38,"COVID19Cases",NA,"2023-01-24_06-03-16","day",7,0,165
"336","ZH",2020-05-13,1,3481,FALSE,TRUE,786985,0,786783,0,785492,0,27,87,3.71,3.21,7,1564662,0.06,222.48,0.24,0.21,NA,NA,NA,1.73,5.56,-11,-0.7,"COVID19Cases",NA,"2023-01-24_06-03-16","day",1,0,165
"337","ZH",2020-05-14,4,3485,FALSE,TRUE,786985,0,786783,0,785492,0,25,80,4,2.93,7,1564662,0.26,222.73,0.26,0.19,NA,NA,NA,1.6,5.11,-2,-0.13,"COVID19Cases",NA,"2023-01-24_06-03-16","day",4,0,165
"338","ZH",2020-05-15,4,3489,FALSE,TRUE,786985,0,786783,0,785492,0,26,84,3.29,2.79,7,1564662,0.26,222.99,0.21,0.18,NA,NA,NA,1.66,5.37,1,0.0599999999999998,"COVID19Cases",NA,"2023-01-24_06-03-16","day",4,0,165
"339","ZH",2020-05-16,1,3490,FALSE,TRUE,786985,0,786783,0,785492,0,26,81,2.43,2.86,7,1564662,0.06,223.05,0.16,0.18,NA,NA,NA,1.66,5.18,0,0,"COVID19Cases",NA,"2023-01-24_06-03-16","day",1,0,165
"340","ZH",2020-05-17,4,3494,FALSE,TRUE,786985,0,786783,0,785492,0,28,83,2.57,2.86,7,1564662,0.26,223.31,0.16,0.18,NA,NA,NA,1.79,5.3,2,0.13,"COVID19Cases",NA,"2023-01-24_06-03-16","day",4,0,165
"341","ZH",2020-05-18,2,3496,FALSE,TRUE,786985,0,786783,0,785492,0,23,67,2.29,2.79,7,1564662,0.13,223.43,0.15,0.18,NA,NA,NA,1.47,4.28,-5,-0.32,"COVID19Cases",NA,"2023-01-24_06-03-16","day",2,0,165
"342","ZH",2020-05-19,1,3497,FALSE,TRUE,786985,0,786783,0,785492,0,17,55,1.86,2.43,7,1564662,0.06,223.5,0.12,0.16,NA,NA,NA,1.09,3.52,-6,-0.38,"COVID19Cases",NA,"2023-01-24_06-03-16","day",1,0,165
"343","ZH",2020-05-20,2,3499,FALSE,TRUE,786985,0,786783,0,785492,0,18,45,2,2.71,7,1564662,0.13,223.63,0.13,0.17,NA,NA,NA,1.15,2.88,1,0.0599999999999998,"COVID19Cases",NA,"2023-01-24_06-03-16","day",2,0,165
"344","ZH",2020-05-21,2,3501,FALSE,TRUE,786985,0,786783,0,785492,0,16,41,1.71,3,7,1564662,0.13,223.75,0.11,0.19,NA,NA,NA,1.02,2.62,-2,-0.13,"COVID19Cases",NA,"2023-01-24_06-03-16","day",2,0,165
"345","ZH",2020-05-22,1,3502,FALSE,TRUE,786985,0,786783,0,785492,0,13,39,2.29,3,7,1564662,0.06,223.82,0.15,0.19,NA,NA,NA,0.83,2.49,-3,-0.19,"COVID19Cases",NA,"2023-01-24_06-03-16","day",1,0,165
"346","ZH",2020-05-23,2,3504,FALSE,TRUE,786985,0,786783,0,785492,0,14,40,2.43,3,7,1564662,0.13,223.95,0.16,0.19,NA,NA,NA,0.89,2.56,1,0.0600000000000001,"COVID19Cases",NA,"2023-01-24_06-03-16","day",2,0,165
"347","ZH",2020-05-24,2,3506,FALSE,TRUE,786985,0,786783,0,785492,0,12,40,2.86,2.71,7,1564662,0.13,224.07,0.18,0.17,NA,NA,NA,0.77,2.56,-2,-0.12,"COVID19Cases",NA,"2023-01-24_06-03-16","day",2,0,165
"348","ZH",2020-05-25,6,3512,FALSE,TRUE,786985,0,786783,0,785492,0,16,39,3.71,2.57,7,1564662,0.38,224.46,0.24,0.16,NA,NA,NA,1.02,2.49,4,0.25,"COVID19Cases",NA,"2023-01-24_06-03-16","day",6,0,165
"349","ZH",2020-05-26,2,3514,FALSE,TRUE,786985,0,786783,0,785492,0,17,34,4.14,2.64,7,1564662,0.13,224.59,0.26,0.17,NA,NA,NA,1.09,2.17,1,0.0700000000000001,"COVID19Cases",NA,"2023-01-24_06-03-16","day",2,0,165
"350","ZH",2020-05-27,5,3519,FALSE,TRUE,786985,0,786783,0,785492,0,20,38,4,3.21,7,1564662,0.32,224.9,0.26,0.21,NA,NA,NA,1.28,2.43,3,0.19,"COVID19Cases",NA,"2023-01-24_06-03-16","day",5,0,165
"351","ZH",2020-05-28,8,3527,FALSE,TRUE,786985,0,786783,0,785492,0,26,42,3.71,3.29,7,1564662,0.51,225.42,0.24,0.21,NA,NA,NA,1.66,2.68,6,0.38,"COVID19Cases",NA,"2023-01-24_06-03-16","day",8,0,165
"352","ZH",2020-05-29,4,3531,FALSE,TRUE,786985,0,786783,0,785492,0,29,42,2.86,3.43,7,1564662,0.26,225.67,0.18,0.22,NA,NA,NA,1.85,2.68,3,0.19,"COVID19Cases",NA,"2023-01-24_06-03-16","day",4,0,165
"353","ZH",2020-05-30,1,3532,FALSE,TRUE,786985,0,786783,0,785492,0,28,42,2.86,3.29,7,1564662,0.06,225.74,0.18,0.21,NA,NA,NA,1.79,2.68,-1,-0.0600000000000001,"COVID19Cases",NA,"2023-01-24_06-03-16","day",1,0,165
"354","ZH",2020-05-31,0,3532,FALSE,TRUE,786985,0,786783,0,785492,0,26,38,3.57,3.14,7,1564662,0,225.74,0.23,0.2,NA,NA,NA,1.66,2.43,-2,-0.13,"COVID19Cases",NA,"2023-01-24_06-03-16","day",0,0,165
"355","ZH",2020-06-01,0,3532,FALSE,TRUE,786985,0,786783,0,785492,0,20,36,2.86,2.93,7,1564662,0,225.74,0.18,0.19,NA,NA,NA,1.28,2.3,-6,-0.38,"COVID19Cases",NA,"2023-01-24_06-03-16","day",0,0,165
"356","ZH",2020-06-02,2,3534,FALSE,TRUE,786985,0,786783,0,785492,0,20,37,2.71,2.93,7,1564662,0.13,225.86,0.17,0.19,NA,NA,NA,1.28,2.36,0,0,"COVID19Cases",NA,"2023-01-24_06-03-16","day",2,0,165
"357","ZH",2020-06-03,10,3544,FALSE,TRUE,786985,0,786783,0,785492,0,25,45,2.57,2.57,7,1564662,0.64,226.5,0.16,0.16,NA,NA,NA,1.6,2.88,5,0.32,"COVID19Cases",NA,"2023-01-24_06-03-16","day",10,0,165
"358","ZH",2020-06-04,3,3547,FALSE,TRUE,786985,0,786783,0,785492,0,20,46,2.57,2.29,7,1564662,0.19,226.69,0.16,0.15,NA,NA,NA,1.28,2.94,-5,-0.32,"COVID19Cases",NA,"2023-01-24_06-03-16","day",3,0,165
"359","ZH",2020-06-05,3,3550,FALSE,TRUE,786985,0,786783,0,785492,0,19,48,3,2.57,7,1564662,0.19,226.89,0.19,0.16,NA,NA,NA,1.21,3.07,-1,-0.0700000000000001,"COVID19Cases",NA,"2023-01-24_06-03-16","day",3,0,165
"360","ZH",2020-06-06,0,3550,FALSE,TRUE,786985,0,786783,0,785492,0,18,46,3,2.71,7,1564662,0,226.89,0.19,0.17,NA,NA,NA,1.15,2.94,-1,-0.0600000000000001,"COVID19Cases",NA,"2023-01-24_06-03-16","day",0,0,165
"361","ZH",2020-06-07,0,3550,FALSE,TRUE,786985,0,786783,0,785492,0,18,44,1.57,3.14,7,1564662,0,226.89,0.1,0.2,NA,NA,NA,1.15,2.81,0,0,"COVID19Cases",NA,"2023-01-24_06-03-16","day",0,0,165
"362","ZH",2020-06-08,3,3553,FALSE,TRUE,786985,0,786783,0,785492,0,21,41,1.71,3.64,7,1564662,0.19,227.08,0.11,0.23,NA,NA,NA,1.34,2.62,3,0.19,"COVID19Cases",NA,"2023-01-24_06-03-16","day",3,0,165
"363","ZH",2020-06-09,2,3555,FALSE,TRUE,786985,0,786783,0,785492,0,21,41,2.43,3.79,7,1564662,0.13,227.21,0.16,0.24,NA,NA,NA,1.34,2.62,0,0,"COVID19Cases",NA,"2023-01-24_06-03-16","day",2,0,165
"364","ZH",2020-06-10,0,3555,FALSE,TRUE,786985,0,786783,0,785492,0,11,36,2.86,3.43,7,1564662,0,227.21,0.18,0.22,NA,NA,NA,0.7,2.3,-10,-0.64,"COVID19Cases",NA,"2023-01-24_06-03-16","day",0,0,165
"365","ZH",2020-06-11,4,3559,FALSE,TRUE,786985,0,786783,0,785492,0,12,32,3.71,3.5,7,1564662,0.26,227.46,0.24,0.22,NA,NA,NA,0.77,2.05,1,0.0700000000000001,"COVID19Cases",NA,"2023-01-24_06-03-16","day",4,0,165
"366","ZH",2020-06-12,8,3567,FALSE,TRUE,786985,0,786783,0,785492,0,17,36,4.29,3.64,7,1564662,0.51,227.97,0.27,0.23,NA,NA,NA,1.09,2.3,5,0.32,"COVID19Cases",NA,"2023-01-24_06-03-16","day",8,0,165
"367","ZH",2020-06-13,3,3570,FALSE,TRUE,786985,0,786783,0,785492,0,20,38,4.57,4.07,7,1564662,0.19,228.16,0.29,0.26,NA,NA,NA,1.28,2.43,3,0.19,"COVID19Cases",NA,"2023-01-24_06-03-16","day",3,0,165
"368","ZH",2020-06-14,6,3576,FALSE,TRUE,786985,0,786783,0,785492,0,26,44,5.29,4.21,7,1564662,0.38,228.55,0.34,0.27,NA,NA,NA,1.66,2.81,6,0.38,"COVID19Cases",NA,"2023-01-24_06-03-16","day",6,0,165
"369","ZH",2020-06-15,7,3583,FALSE,TRUE,786985,0,786783,0,785492,0,30,51,5.29,4.43,7,1564662,0.45,229,0.34,0.28,NA,NA,NA,1.92,3.26,4,0.26,"COVID19Cases",NA,"2023-01-24_06-03-16","day",7,0,165
"370","ZH",2020-06-16,4,3587,FALSE,TRUE,786985,0,786783,0,785492,0,32,53,4.86,4.71,7,1564662,0.26,229.25,0.31,0.3,NA,NA,NA,2.05,3.39,2,0.13,"COVID19Cases",NA,"2023-01-24_06-03-16","day",4,0,165
"371","ZH",2020-06-17,5,3592,FALSE,TRUE,786985,0,786783,0,785492,0,37,48,5.29,5.93,7,1564662,0.32,229.57,0.34,0.38,NA,NA,NA,2.36,3.07,5,0.31,"COVID19Cases",NA,"2023-01-24_06-03-16","day",5,0,165
"372","ZH",2020-06-18,4,3596,FALSE,TRUE,786985,0,786783,0,785492,0,37,49,4.71,6.43,7,1564662,0.26,229.83,0.3,0.41,NA,NA,NA,2.36,3.13,0,0,"COVID19Cases",NA,"2023-01-24_06-03-16","day",4,0,165
"373","ZH",2020-06-19,5,3601,FALSE,TRUE,786985,0,786783,0,785492,0,34,51,4.57,7.93,7,1564662,0.32,230.15,0.29,0.51,NA,NA,NA,2.17,3.26,-3,-0.19,"COVID19Cases",NA,"2023-01-24_06-03-16","day",5,0,165
"374","ZH",2020-06-20,6,3607,FALSE,TRUE,786985,0,786783,0,785492,0,37,57,4.86,8.29,7,1564662,0.38,230.53,0.31,0.53,NA,NA,NA,2.36,3.64,3,0.19,"COVID19Cases",NA,"2023-01-24_06-03-16","day",6,0,165
"375","ZH",2020-06-21,2,3609,FALSE,TRUE,786985,0,786783,0,785492,0,33,59,6.57,8.07,7,1564662,0.13,230.66,0.42,0.52,NA,NA,NA,2.11,3.77,-4,-0.25,"COVID19Cases",NA,"2023-01-24_06-03-16","day",2,0,165
"376","ZH",2020-06-22,6,3615,FALSE,TRUE,786985,0,786783,0,785492,0,32,62,7.57,10.5,7,1564662,0.38,231.04,0.48,0.67,NA,NA,NA,2.05,3.96,-1,-0.0600000000000001,"COVID19Cases",NA,"2023-01-24_06-03-16","day",6,0,165
"377","ZH",2020-06-23,6,3621,FALSE,TRUE,786985,0,786783,0,785492,0,34,66,11,13.79,7,1564662,0.38,231.42,0.7,0.88,NA,NA,NA,2.17,4.22,2,0.12,"COVID19Cases",NA,"2023-01-24_06-03-16","day",6,0,165
"378","ZH",2020-06-24,17,3638,FALSE,TRUE,786985,0,786783,0,785492,0,46,83,11.29,15.71,7,1564662,1.09,232.51,0.72,1,NA,NA,NA,2.94,5.3,12,0.77,"COVID19Cases",NA,"2023-01-24_06-03-16","day",17,0,165
"379","ZH",2020-06-25,11,3649,FALSE,TRUE,786985,0,786783,0,785492,0,53,90,11.43,18.29,7,1564662,0.7,233.21,0.73,1.17,NA,NA,NA,3.39,5.75,7,0.45,"COVID19Cases",NA,"2023-01-24_06-03-16","day",11,0,165
"380","ZH",2020-06-26,29,3678,FALSE,TRUE,786985,0,786783,0,785492,0,77,111,16.43,19.36,7,1564662,1.85,235.07,1.05,1.24,NA,NA,NA,4.92,7.09,24,1.53,"COVID19Cases",NA,"2023-01-24_06-03-16","day",29,0,165
"381","ZH",2020-06-27,8,3686,FALSE,TRUE,786985,0,786783,0,785492,0,79,116,22.71,19.29,7,1564662,0.51,235.58,1.45,1.23,NA,NA,NA,5.05,7.41,2,0.13,"COVID19Cases",NA,"2023-01-24_06-03-16","day",8,0,165
"382","ZH",2020-06-28,3,3689,FALSE,TRUE,786985,0,786783,0,785492,0,80,113,24.86,19.93,7,1564662,0.19,235.77,1.59,1.27,NA,NA,NA,5.11,7.22,1,0.0600000000000005,"COVID19Cases",NA,"2023-01-24_06-03-16","day",3,0,165
"383","ZH",2020-06-29,41,3730,FALSE,TRUE,786985,0,786783,0,785492,0,115,147,29,20.86,7,1564662,2.62,238.39,1.85,1.33,NA,NA,NA,7.35,9.4,35,2.24,"COVID19Cases",NA,"2023-01-24_06-03-16","day",41,0,165
"384","ZH",2020-06-30,50,3780,FALSE,TRUE,786985,0,786783,0,785492,0,159,193,27.71,22.43,7,1564662,3.2,241.59,1.77,1.43,NA,NA,NA,10.16,12.33,44,2.81,"COVID19Cases",NA,"2023-01-24_06-03-16","day",50,0,165
